id,age,salary,department_id,score,years_experience
0,45,71859,12,68.95,16
1,24,53954,2,34.46,0
2,42,204440,11,95.59,19
3,33,477249,3,45.09,4
4,38,114102,7,36.17,9
5,51,59230,15,63.46,13
6,28,70622,5,5.71,4
7,32,63766,1,49.13,8
8,35,56130,17,36.88,1
9,49,62327,12,74.41,2
10,34,2316234,8,41.06,2
11,46,94987,16,68.89,15
12,39,75416,1,29.1,7
13,47,136296,14,33.81,6
14,57,55193,19,26.34,27
15,30,81931,12,62.29,0
16,31,51657,1,66.8,1
17,36,69456,6,68.68,2
18,46,484420,7,80.15,1
19,48,120659,12,91.25,26
20,40,262413,7,40.22,15
21,28,55791,19,20.48,2
22,24,119930,3,51.72,1
23,24,60586,2,40.92,1
24,28,83227,6,27.81,4
25,49,110479,12,22.12,0
26,34,63584,10,20.83,1
27,25,365815,10,68.04,2
28,41,17736453,15,90.45,1
29,41,80633,8,37.95,16
30,30,62045,13,23.66,0
31,39,622580,14,39.3,8
32,18,78334,12,49.64,0
33,40,86645,5,25.01,18
34,39,54345,14,7.95,1
35,18,133947,5,56.78,1
36,63,163816,7,57.19,7
37,18,273267,13,12.58,1
38,44,56073,9,90.38,2
39,43,241487,13,98.94,1
40,28,375615,16,64.87,3
41,46,115349,19,74.81,10
42,40,84565,6,6.54,11
43,18,55282,18,58.75,0
44,36,74587,3,37.73,11
45,49,52183,9,21.7,10
46,24,409552,3,33.95,2
47,47,95619,13,64.38,16
48,50,68444,15,60.16,21
49,42,462712,5,35.76,2
50,40,51768,11,23.15,7
51,41,147720,12,51.08,7
52,44,112632,8,58.39,17
53,47,50046,12,30.87,6
54,46,5976570,1,14.84,7
55,48,50180,8,23.55,3
56,29,57776,5,96.5,1
57,27,181041,17,28.51,5
58,37,521812,15,58.45,11
59,27,113141,2,76.98,5
60,40,870373,13,77.98,4
61,37,69522,9,40.08,9
62,46,205868,19,33.74,2
63,45,1539954,4,16.42,3
64,39,103830,10,52.67,7
65,24,85855,10,43.47,0
66,38,760634,14,18.0,11
67,40,72180,16,56.4,17
68,38,224153,10,76.03,9
69,33,80892,4,39.93,6
70,42,549397,1,42.4,15
71,32,76406,20,26.35,9
72,29,71143,15,95.6,0
73,21,304763,5,64.41,1
74,21,80287,9,47.64,1
75,32,110410,4,94.28,9
76,36,129356,12,84.42,8
77,39,327450,7,38.0,16
78,37,53638,2,60.73,12
79,43,57794,4,52.77,6
80,36,50869,11,48.19,10
81,28,310063,8,76.96,6
82,35,76386,10,59.78,6
83,58,543826,20,49.56,34
84,40,161637,10,37.72,5
85,36,96045,9,62.39,13
86,47,1024545,10,59.03,14
87,30,401008,5,55.22,2
88,43,744555,16,62.4,16
89,29,154058,4,47.16,6
90,43,433207,18,19.17,0
91,42,107507,7,10.91,12
92,21,73016,13,34.02,1
93,42,263021,5,10.58,14
94,41,228035,10,12.69,3
95,26,87777,7,92.09,4
96,24,215068,19,19.39,1
97,42,80516,11,31.89,11
98,41,77989,10,9.96,16
99,46,158357,8,52.07,7
100,40,407039,2,50.62,16
101,44,96566,6,82.25,16
102,50,83916,20,64.59,27
103,35,53439,1,72.83,3
104,50,149426,12,66.26,19
105,34,78930,12,28.75,12
106,37,301071,9,59.53,3
107,21,178930,10,2.27,0
108,41,71205,15,72.45,6
109,30,65843,7,64.82,0
110,38,58034,1,26.97,12
111,32,71211,10,32.12,5
112,26,148896,13,49.41,4
113,40,62238,16,5.79,12
114,38,97281,1,21.83,5
115,37,58737,14,84.4,10
116,25,105545,2,66.18,2
117,40,74315,5,9.64,8
118,29,253436,5,72.13,5
119,38,165615600,12,47.49,6
120,46,54500,19,25.27,19
121,46,350649,8,38.07,8
122,32,125158,2,57.98,10
123,47,66877,6,11.42,17
124,27,82049,5,84.17,4
125,62,128779,4,92.1,18
126,40,73853,18,75.06,12
127,25,3332743,6,21.42,1
128,32,97424,9,18.63,6
129,25,91002,8,5.19,1
130,46,53866,1,99.43,16
131,45,169154,16,21.13,15
132,29,81823,19,85.28,3
133,31,734797,1,42.75,7
134,41,97179,7,37.3,11
135,37,92733,13,49.42,14
136,62,73386,1,66.28,40
137,54,323756,4,15.69,3
138,41,469468,13,89.92,4
139,36,55768,13,28.35,4
140,24,50915,19,93.14,0
141,39,101254,7,78.08,4
142,29,373735,12,49.76,4
143,31,53224,16,73.34,7
144,58,66557,16,60.08,7
145,40,55095,7,90.17,0
146,26,68142,9,60.28,3
147,40,120928,9,91.78,16
148,38,52131,16,24.24,7
149,35,151088,6,83.07,2
150,49,871447,18,40.77,4
151,32,51278,6,23.71,5
152,31,68973,2,38.77,3
153,28,54467,3,38.18,6
154,37,127727,18,10.65,8
155,30,60226,9,30.25,1
156,40,163228,12,39.66,8
157,31,151343,6,10.38,8
158,27,1743096,18,6.21,4
159,30,641193,11,6.9,2
160,27,85062,14,12.91,5
161,18,138843,16,45.11,1
162,27,72644,14,61.89,2
163,53,53597,15,71.61,18
164,38,64396,10,70.71,6
165,26,93407,16,14.56,2
166,25,65167,17,25.41,1
167,39,185710,6,78.7,1
168,45,216628,19,75.03,7
169,35,72305,7,90.09,7
170,29,63453,14,5.83,6
171,31,63626,6,42.24,5
172,25,53097,19,87.52,0
173,25,91498,9,37.7,1
174,47,57970,14,31.38,0
175,42,212151,20,75.62,12
176,34,2248767,11,49.0,10
177,31,406359,2,17.53,7
178,36,109785,19,4.5,3
179,18,86830,6,63.06,1
180,44,4114355,13,31.73,20
181,51,125516,6,66.49,0
182,34,228197,19,94.62,12
183,36,593509,15,27.73,3
184,18,105780,10,15.69,0
185,33,166041,3,50.72,2
186,27,70364,5,10.5,3
187,33,127922,3,92.5,8
188,35,68628,16,69.87,7
189,31,129841,2,48.21,1
190,22,212584,1,52.5,0
191,27,2305603,9,92.11,0
192,33,89713,2,3.67,9
193,49,54240,13,46.46,11
194,21,1625432,15,99.31,0
195,34,69987,9,72.89,3
196,26,480960,9,77.28,1
197,44,66705,4,13.75,2
198,34,63364,12,29.93,12
199,40,54368,1,90.52,12
200,21,97539,2,34.2,0
201,25,71689,6,20.35,0
202,51,103811,18,27.43,0
203,22,65847,12,77.51,1
204,33,931817,14,1.35,5
205,24,482448,4,33.16,0
206,26,292154,9,10.56,3
207,30,398399,13,11.41,5
208,31,112087,6,6.3,3
209,27,127298,9,62.83,5
210,31,381567,18,14.05,4
211,41,136001,2,91.08,15
212,45,323532,15,73.31,20
213,38,59549,13,14.16,5
214,37,378962,1,18.26,15
215,37,93225,4,55.54,13
216,44,59925,18,65.9,4
217,26,195232,12,7.68,1
218,33,487681,5,87.09,0
219,18,1030259,7,58.43,0
220,52,248639,8,20.83,30
221,22,65731,11,11.92,1
222,46,118383,5,50.86,20
223,38,110149,17,48.31,3
224,18,7363804,10,71.14,0
225,26,66242,16,66.78,0
226,32,68969,17,91.01,5
227,36,55164,7,2.01,9
228,34,256402,6,94.17,3
229,31,69193,20,35.29,7
230,36,65303,18,61.58,0
231,41,162495,5,39.22,16
232,37,53976,1,7.89,6
233,23,147663,13,84.78,0
234,30,65897,7,90.86,1
235,33,68214,5,35.19,11
236,38,741066,4,64.86,4
237,33,76407,15,66.37,1
238,29,73320,14,93.38,0
239,34,51209,14,48.81,11
240,30,79864,12,89.79,7
241,44,183695,1,54.2,1
242,34,76426,15,27.76,5
243,22,1306621,1,2.48,1
244,26,61639,10,29.49,2
245,55,89158,13,81.57,26
246,32,78541,5,75.07,8
247,38,127837,7,21.03,1
248,50,73521,12,80.42,10
249,25,70112,20,35.66,3
250,54,56696,6,19.01,19
251,18,80568,17,89.2,1
252,49,58324,9,36.92,8
253,40,51531,8,44.58,13
254,26,511397,5,76.86,0
255,42,90957,19,82.61,9
256,31,50159,3,30.79,3
257,36,332854,8,59.17,1
258,34,64788,13,92.9,10
259,59,53733,20,86.26,16
260,52,51266,1,81.65,30
261,45,64778,8,88.28,4
262,22,190623,6,71.21,0
263,30,73165,8,5.63,8
264,24,50185,13,28.67,2
265,45,150826,16,48.51,20
266,45,294086,6,59.49,0
267,45,54817,6,48.91,20
268,41,111457,19,35.76,12
269,28,54096,16,86.91,2
270,50,144881,20,73.93,10
271,47,72053,1,30.38,16
272,53,78261,17,5.71,27
273,43,281819,19,20.83,21
274,21,147091,8,5.37,1
275,43,355277,20,16.95,21
276,39,1947660,4,48.9,12
277,30,56361,17,60.2,0
278,40,537856,14,30.71,7
279,38,54350,6,69.27,10
280,45,50610,5,22.77,2
281,39,154469,7,99.18,4
282,29,140011,6,37.64,5
283,49,152843,15,38.8,9
284,33,52183,14,33.3,8
285,41,164818,5,58.43,12
286,18,246615,4,90.04,1
287,43,57531,9,23.89,3
288,43,59181,12,39.56,6
289,25,127207,12,68.54,3
290,46,226287,4,47.46,17
291,48,77594,17,77.42,11
292,28,73033,9,98.67,6
293,41,58994,19,20.63,9
294,29,514812,8,81.63,4
295,21,269025,3,53.5,1
296,47,64667,14,1.32,6
297,43,146859,18,29.37,21
298,28,66816,13,11.14,3
299,55,51167,8,66.17,20
300,42,641174,20,7.9,10
301,30,73379,14,25.57,1
302,44,57324,1,46.39,1
303,54,70348,1,69.51,24
304,30,62857,15,43.86,7
305,39,108251,2,99.24,14
306,48,51797,7,79.5,1
307,33,52307,17,39.17,7
308,52,85070,14,67.68,13
309,38,427257,12,15.98,0
310,38,88592,7,9.15,8
311,41,188284,9,86.35,6
312,44,90455,10,49.5,6
313,30,112867,20,23.3,1
314,33,50525,3,83.57,3
315,30,263963,9,84.39,0
316,33,104257,14,76.02,6
317,22,59498,11,22.35,1
318,48,54826,9,82.4,6
319,28,117072,4,6.51,6
320,46,554092,1,42.63,1
321,37,63062,6,97.79,12
322,27,105888,12,95.76,0
323,50,143321,10,35.33,8
324,63,50399,2,41.46,29
325,35,1546915,3,62.74,12
326,45,144855,18,93.97,15
327,28,87024,8,97.05,5
328,40,210776,19,87.98,14
329,29,653586,4,99.63,4
330,34,75596864,17,24.11,5
331,45,155987,6,25.61,6
332,39,91537,17,61.43,6
333,35,55334,7,71.89,12
334,51,53331,2,31.11,27
335,52,51109,14,93.34,12
336,47,151912,11,86.13,2
337,32,101223,12,75.73,6
338,44,105321,5,84.65,12
339,39,108456,14,19.31,3
340,30,305187,3,0.32,3
341,41,400400,18,25.1,4
342,41,326572,1,75.27,11
343,19,172170,12,80.38,1
344,45,51222,10,64.72,7
345,18,130299,2,78.4,1
346,43,70247,2,52.08,4
347,19,55721,19,17.67,1
348,39,200605,8,53.09,15
349,31,249738,19,16.66,8
350,39,283612,3,1.13,6
351,53,166913,10,70.79,15
352,44,64409,4,41.51,14
353,37,58987,9,9.91,0
354,29,79222,6,67.79,3
355,30,50522,10,30.88,0
356,25,207597,17,33.88,3
357,33,66518,6,80.16,11
358,45,56704,18,52.82,8
359,36,64052,17,21.07,2
360,26,300813,5,98.73,0
361,42,53304,9,71.66,3
362,26,84566,18,31.56,2
363,50,61214,9,58.84,7
364,18,115994,6,76.27,1
365,34,74577,20,83.05,7
366,42,56281,7,72.43,0
367,24,96767,15,74.23,1
368,48,52847,18,80.16,22
369,28,60449,3,74.88,2
370,49,70757,16,99.91,9
371,21,876515,11,92.75,1
372,45,394955,3,64.8,21
373,34,191569,11,41.4,5
374,33,646401,13,3.15,8
375,35,87269,7,47.26,8
376,31,66516,20,53.61,2
377,56,2834750,3,67.44,2
378,33,73981,16,47.23,7
379,39,1325156,13,8.17,1
380,24,54775,6,44.62,2
381,35,446214,1,26.43,12
382,39,57691,18,90.66,7
383,36,72573,11,25.88,0
384,34,360732,9,41.13,8
385,26,222911,4,6.76,1
386,27,74451,1,84.44,5
387,40,61326,20,10.27,2
388,35,1375090,1,7.82,8
389,46,194595,9,47.92,13
390,32,60250,5,13.94,8
391,26,70070,13,87.4,4
392,33,56835,4,13.23,10
393,36,181454,2,92.61,3
394,26,156213,14,74.91,0
395,33,211224,20,53.77,8
396,45,108223,6,98.96,6
397,51,73574,14,74.01,16
398,26,601600,2,89.26,1
399,51,68853,14,7.86,21
400,27,88887,15,41.04,5
401,22,224708,14,68.54,0
402,33,205968,9,81.79,2
403,33,221857,14,71.64,11
404,37,71262,13,3.3,2
405,42,298816,2,79.87,1
406,46,151624,13,52.2,13
407,27,139462,4,60.97,0
408,35,250569,1,8.48,7
409,45,107586,14,79.73,14
410,33,163439,7,42.32,4
411,39,300232,19,23.87,2
412,53,661172,17,74.5,6
413,36,464155,18,49.67,5
414,48,278787,14,42.6,23
415,29,65494,8,32.03,7
416,35,59124,14,43.49,6
417,20,389330,5,98.76,0
418,36,996107,18,12.52,6
419,24,57470,10,11.69,2
420,21,202216,8,60.02,1
421,27,168092,11,2.98,3
422,32,59068,13,66.74,7
423,25,151541,4,19.6,2
424,40,56079,5,63.71,17
425,33,149545,11,78.1,8
426,35,60378,1,51.27,3
427,42,258247,3,21.17,16
428,37,68106,5,13.16,3
429,34,69013,9,20.88,8
430,30,71451,9,9.14,5
431,41,83127,14,19.52,1
432,37,122125,7,77.51,12
433,21,80623,1,22.15,1
434,47,68511,7,36.54,8
435,29,754085,7,53.01,2
436,25,79265,19,20.07,2
437,33,176940,16,50.55,11
438,28,78234,15,63.68,4
439,18,80722,18,90.22,1
440,35,200449,11,6.68,9
441,32,264058,10,71.94,4
442,36,565092,9,92.06,1
443,21,237669,1,68.31,1
444,42,79889,17,79.64,13
445,45,2006261,5,23.37,3
446,34,83734,4,53.43,7
447,36,76209,1,74.02,7
448,37,65911,17,60.67,0
449,29,184717,11,82.21,6
450,37,79457,2,58.42,10
451,28,629616,2,43.83,1
452,35,63241,6,54.04,4
453,18,1118708,9,36.93,1
454,18,56852,2,21.17,0
455,33,83047,8,70.23,8
456,42,72401,15,54.78,8
457,31,112010,9,26.52,2
458,31,104666,3,67.33,8
459,49,56899,1,32.96,17
460,42,125308,13,31.86,7
461,35,92946,19,15.92,6
462,42,56441,17,93.58,2
463,40,112973,17,60.67,7
464,36,51432,17,55.47,12
465,32,438428,15,63.5,3
466,39,60650,12,71.69,13
467,36,51984,12,65.77,13
468,19,73436,11,94.39,1
469,31,56858,19,48.87,1
470,56,114642,18,62.13,5
471,49,86208,14,98.3,17
472,18,79784,2,89.51,1
473,48,137673,7,68.57,12
474,32,306575,2,52.67,5
475,45,193497,7,66.58,11
476,30,57097,1,52.68,2
477,39,79555,7,27.3,2
478,34,104622,19,49.17,12
479,52,67279,17,9.44,3
480,36,67951,7,35.84,6
481,20,232036,9,49.91,0
482,36,57911,17,89.03,2
483,40,127333,4,18.76,6
484,41,205318,2,32.83,19
485,37,65602,17,57.45,12
486,28,104068,12,35.67,3
487,32,104630,20,53.27,0
488,22,101640,19,12.94,0
489,32,201585,19,10.76,0
490,46,52321,2,3.06,7
491,33,171715,19,37.6,11
492,53,60286,4,88.11,14
493,26,69124,6,14.72,2
494,31,167615,17,48.24,6
495,26,56857,1,16.83,4
496,25,50673,7,48.06,3
497,27,67993,15,30.26,2
498,29,201286,4,86.42,0
499,25,186324,1,72.29,0
500,36,53931,16,33.53,14
501,29,91972,15,88.54,5
502,39,88976,20,2.4,16
503,31,154025,4,28.58,4
504,28,234338,5,66.26,3
505,49,220678,10,56.13,0
506,47,54739,7,39.49,8
507,38,64037,20,3.09,16
508,25,97984,20,43.85,0
509,32,54569,1,69.67,7
510,35,67562,9,89.19,6
511,18,334406,16,39.83,0
512,44,61579,17,66.29,1
513,45,453225,8,69.01,16
514,43,76775,13,32.03,18
515,30,166328,13,43.54,5
516,30,109131,9,47.98,4
517,36,177962,18,81.19,0
518,44,109032,5,90.02,20
519,20,54553,18,66.45,0
520,50,489993,17,74.7,17
521,31,62822,4,69.64,2
522,35,70495,19,37.81,6
523,47,124749,14,6.22,9
524,28,249092,13,73.61,4
525,43,489818,9,43.09,10
526,26,312561,18,22.43,1
527,40,70843,8,27.56,17
528,50,81457,6,22.13,20
529,42,154260,11,16.88,9
530,31,65049,10,67.57,5
531,19,161353,20,73.45,0
532,38,333305,8,94.31,5
533,43,140185,5,23.49,15
534,40,92948,12,85.63,4
535,31,80622,7,39.83,8
536,38,74073,12,93.88,7
537,41,618633,9,54.5,1
538,33,166155,14,93.82,4
539,51,109378,7,15.95,16
540,41,143285,3,29.79,16
541,40,124736,2,13.94,0
542,29,52699,7,43.15,7
543,44,73599,14,74.22,17
544,31,926686,18,48.48,6
545,28,52686,16,45.09,6
546,33,1988323,12,81.55,3
547,32,214751,13,4.87,3
548,22,140728,3,67.51,1
549,18,192307,4,25.42,0
550,23,52636,2,7.09,1
551,39,50257,7,41.68,0
552,36,74511,20,39.16,11
553,44,133862,18,79.92,11
554,33,72992,5,65.7,10
555,27,3069369,4,28.05,4
556,23,609763,20,49.55,1
557,46,52271,8,12.09,23
558,41,74411,16,69.67,12
559,24,52996441,5,72.37,2
560,27,74748,11,4.15,1
561,40,53260,17,49.5,4
562,43,85285,5,80.67,20
563,28,259201,8,3.37,4
564,23,186098,1,30.63,1
565,39,75610,7,36.34,10
566,19,60437,2,37.65,0
567,20,151439,2,80.26,0
568,18,365902,2,45.46,1
569,34,869863,10,63.17,0
570,27,115713,18,97.61,2
571,19,60389,14,12.43,1
572,35,53780,18,8.45,8
573,33,124986,16,95.95,6
574,24,67630,18,22.94,1
575,25,86439,3,71.9,2
576,33,87315,6,73.1,3
577,48,184663,13,67.11,19
578,34,129941,20,58.8,3
579,30,51295,18,45.63,8
580,34,87362,4,46.98,3
581,52,723066,3,96.83,1
582,36,187514,10,90.5,1
583,32,124905,13,26.84,4
584,27,119275,20,70.15,4
585,38,58528,13,19.69,8
586,33,1377509,2,48.33,5
587,37,346482,6,5.0,12
588,40,100966,20,8.62,9
589,40,73153,14,67.64,14
590,29,114452,9,56.81,3
591,29,88805,13,77.93,2
592,29,69550,11,25.62,5
593,37,93525,14,46.64,2
594,43,306353,12,29.76,20
595,47,105789,13,96.92,1
596,41,81988,11,13.44,5
597,39,148228,17,92.65,13
598,34,607672,8,61.53,1
599,27,112509,14,54.68,3
600,38,135165,20,49.3,13
601,18,78883,3,75.57,1
602,43,204793,6,78.08,17
603,18,704662,6,53.18,1
604,25,92345,5,81.79,2
605,35,248468,13,63.3,1
606,18,94866,12,43.01,1
607,47,159985,16,69.2,20
608,18,54734,4,8.84,1
609,31,301980,12,37.28,3
610,23,1341500,9,10.41,1
611,39,93695,3,39.58,10
612,33,66006,3,46.17,11
613,18,60009,5,25.19,0
614,40,60443,3,88.02,6
615,34,117568,7,71.64,8
616,26,61848,11,66.39,4
617,25,64711,2,91.55,1
618,18,671371,14,23.06,0
619,43,86675,1,91.86,9
620,44,85375,17,9.2,10
621,32,491078,11,43.37,3
622,30,61373,20,78.84,5
623,21,51543,15,87.69,1
624,20,99335,8,8.5,1
625,32,12252245,6,95.98,5
626,42,483630,9,65.37,8
627,32,72486,3,66.57,8
628,64,227725,6,39.02,33
629,35,55237,18,69.08,13
630,31,69729,19,23.06,6
631,36,57560,20,67.59,6
632,38,135917,3,24.37,14
633,39,87190,18,58.36,7
634,51,56674,4,14.54,14
635,18,74344,20,73.54,0
636,27,59512,14,33.47,1
637,36,109457,9,65.42,11
638,37,89962,8,55.48,8
639,23,82537,7,47.43,1
640,32,169288,13,62.2,7
641,30,163864,15,7.35,3
642,35,188243,12,27.02,13
643,18,558352,20,98.69,0
644,30,51801,20,77.88,0
645,40,120699,14,12.12,5
646,39,160385,17,11.25,5
647,30,193647,14,73.1,0
648,53,8235648,15,72.35,2
649,40,65081,9,28.53,14
650,36,148665,5,14.43,10
651,47,101354,20,0.13,22
652,23,52802,14,46.12,1
653,60,58080,11,39.57,18
654,43,80663,12,45.82,1
655,39,53690,4,71.2,16
656,49,130956,14,72.54,2
657,26,51729,16,48.17,1
658,31,84404,1,28.97,5
659,26,334687,2,53.78,1
660,56,2564918,4,28.07,8
661,28,95591,7,98.26,6
662,37,191878,11,88.33,8
663,37,199044,8,75.38,15
664,37,75011,15,4.72,13
665,42,64859,4,68.96,10
666,34,90686,12,19.03,7
667,51,71376,3,56.7,24
668,37,110361,12,65.12,12
669,38,340511,2,25.39,11
670,39,94278,10,22.63,15
671,37,73253,8,80.38,14
672,46,112816,19,59.88,22
673,23,155843,3,16.95,0
674,34,66529,9,74.05,10
675,28,106405,9,14.12,3
676,40,178123,10,56.6,18
677,22,689134,7,85.89,1
678,42,167360,1,33.74,20
679,37,120740,18,13.07,15
680,32,3870712,20,50.51,2
681,34,266849,16,92.59,10
682,27,106126,6,81.03,5
683,57,56687,2,22.75,3
684,22,57683,11,9.02,1
685,26,50684,19,39.81,4
686,40,130639,6,40.63,15
687,44,78135,16,60.42,22
688,27,50472,13,42.47,4
689,43,64045,19,9.92,12
690,53,91876,3,37.44,28
691,32,53705,9,84.23,2
692,52,62771,5,88.79,5
693,23,50697,13,95.22,0
694,18,88819,20,30.46,0
695,33,88514,8,3.49,11
696,40,63223,11,63.73,5
697,21,155696,13,54.41,1
698,46,640374,19,20.88,20
699,18,191896,20,28.19,0
700,40,101933,3,18.98,17
701,18,199122,19,35.57,0
702,34,172789,17,78.32,8
703,37,2367952,16,41.25,4
704,18,131501,12,73.84,1
705,31,128302,14,98.32,5
706,35,111931,16,96.6,11
707,32,58995,14,47.09,7
708,35,161128,16,92.58,6
709,37,165448,12,92.82,1
710,49,93711,6,65.88,25
711,40,197441,19,9.87,8
712,22,159007,7,68.73,1
713,40,66696,18,37.38,7
714,37,70892,12,10.67,5
715,44,89304,1,68.7,4
716,42,1219904,17,54.49,15
717,37,659949,20,46.26,10
718,39,137165,3,50.22,16
719,36,230037,11,79.42,10
720,37,133778,3,59.28,4
721,47,150179,20,60.72,0
722,42,158081,1,72.11,0
723,51,82698,20,38.08,18
724,32,108136,15,78.0,9
725,44,94120,12,86.43,0
726,35,57503,13,40.56,8
727,41,12799988,18,98.52,0
728,36,90693,18,80.25,0
729,31,82883,2,65.28,7
730,23,64534,3,76.56,0
731,32,306070,14,50.19,10
732,41,188457,5,55.23,16
733,18,181295,18,36.06,0
734,23,264791,1,61.9,1
735,45,70873,20,89.67,19
736,29,58651,20,85.07,3
737,24,67144,7,4.02,2
738,46,99892,15,30.78,12
739,51,82238,7,4.51,1
740,46,171321,19,23.27,19
741,18,138542,1,56.2,0
742,32,229817,10,91.59,5
743,24,147556,16,6.4,0
744,39,71867,6,55.36,13
745,45,201403,11,85.1,19
746,43,54022,11,39.29,19
747,24,173477,7,59.03,0
748,50,62522,3,15.48,18
749,35,59757,11,30.64,5
750,24,270119,7,35.51,1
751,65,68596,5,27.56,12
752,35,86641,4,41.74,2
753,47,62007,5,61.73,7
754,27,58277,13,90.7,2
755,29,821843,17,30.75,5
756,18,2700772,9,14.93,1
757,32,78941,4,73.89,9
758,27,553347,11,45.62,0
759,56,86435,4,54.4,14
760,50,86619,6,74.2,5
761,45,67887,7,1.07,4
762,37,91735,20,2.14,6
763,39,344106,8,50.51,10
764,19,78180,7,0.56,0
765,26,438142,10,86.02,4
766,30,131743,11,13.85,5
767,35,113252,20,70.95,11
768,49,69520,14,26.75,8
769,30,149485,7,60.97,6
770,34,85217,16,93.18,4
771,29,104819,4,10.14,4
772,38,367167,10,17.3,11
773,54,80195,10,64.88,30
774,31,65325,9,76.15,2
775,46,282189,12,28.66,23
776,28,50859,16,45.48,4
777,35,216374,13,51.92,9
778,25,174302,1,62.45,1
779,48,62744,19,10.09,24
780,52,1018883,10,21.54,11
781,28,204843,2,88.78,6
782,41,54415,10,0.8,15
783,31,66355,8,41.05,3
784,45,372934,17,8.27,13
785,33,279631,1,60.76,5
786,42,202365,9,42.44,1
787,28,64400,6,6.47,0
788,40,51832,10,6.0,12
789,34,204255,1,43.26,1
790,40,74144,19,52.93,3
791,40,171301,1,34.36,7
792,36,393862,6,70.15,3
793,47,70188,11,22.29,18
794,49,193933,13,64.63,9
795,48,724834,19,4.03,12
796,41,62026,7,9.11,15
797,21,218706,2,26.49,0
798,18,175428,15,45.55,0
799,41,60269,15,3.56,4
800,26,50413,20,41.73,0
801,34,13553275,8,35.1,1
802,23,101710,6,87.4,1
803,50,94218,1,40.45,2
804,47,104289,3,26.07,18
805,32,55778,8,0.04,4
806,49,53654,20,67.33,11
807,18,64272,13,50.46,0
808,35,58560,18,60.31,12
809,39,204319,11,42.41,16
810,25,76876,5,32.69,3
811,45,166842,2,55.84,11
812,36,189714,1,37.71,1
813,38,58531,13,12.24,12
814,31,81807,11,20.81,8
815,52,91657,5,67.6,28
816,21,71170,16,43.2,1
817,37,174110,13,57.01,1
818,42,634345,18,73.99,2
819,52,973690,16,48.73,2
820,38,211453,2,22.53,7
821,42,305668,10,7.55,13
822,18,187066,4,70.83,0
823,44,99777,4,6.25,7
824,34,79501,19,40.5,8
825,39,85318,17,12.88,6
826,18,101433,6,87.15,0
827,26,106791,11,10.38,3
828,32,419172,6,54.8,5
829,34,1661579,9,56.14,2
830,51,322485,7,34.31,9
831,43,618772,13,12.16,5
832,46,97417,16,20.63,15
833,19,405588,18,46.92,1
834,35,70267,12,83.58,1
835,43,74455,14,99.34,18
836,23,59497,3,86.89,0
837,37,78826,19,56.64,14
838,19,123826,14,80.88,0
839,45,156752,6,80.9,0
840,39,67604,20,35.04,0
841,25,56689,9,48.37,0
842,27,458577,18,58.16,1
843,26,388306,2,92.13,2
844,27,257316,9,47.53,1
845,31,140283,4,14.49,8
846,22,99140,6,25.31,0
847,52,57171,12,13.15,3
848,36,79240,9,69.05,0
849,25,132115,8,50.22,0
850,35,70023,17,43.94,11
851,26,83346,15,18.67,1
852,35,95288,20,79.38,12
853,18,87394,14,58.48,1
854,18,60824,10,54.26,0
855,37,54599,13,8.02,15
856,35,97323,3,27.77,0
857,31,51499,20,9.2,3
858,38,50344,9,31.07,11
859,36,276246,20,77.29,0
860,50,252150,3,9.55,11
861,18,100435,15,41.43,1
862,29,4341169,10,22.14,1
863,42,367636,10,7.67,12
864,35,108526,3,79.36,1
865,24,6031196,5,31.66,1
866,47,101360,20,82.73,22
867,39,179831,15,53.82,6
868,45,105780,1,94.06,17
869,37,81507,19,53.58,0
870,30,57635,14,73.03,3
871,40,85489,11,22.13,8
872,30,50193,6,71.52,4
873,26,69881,5,16.66,2
874,29,57770,16,30.49,3
875,33,52001,3,92.15,4
876,36,76392,18,68.24,13
877,48,59719,15,83.89,13
878,28,132303,6,74.71,1
879,47,225715,18,67.17,7
880,41,99355,2,22.93,19
881,41,961850,12,2.81,8
882,45,72598,12,88.67,10
883,32,72065,3,7.78,4
884,39,318272,20,83.6,5
885,41,410215,6,64.62,5
886,47,208189,8,35.23,17
887,26,87947,20,67.72,1
888,39,71285,1,57.13,13
889,23,74581,10,72.74,0
890,36,52801,8,2.84,6
891,35,60630,15,0.21,7
892,36,95739,18,65.12,9
893,42,9280146,20,54.25,9
894,30,146930,2,47.09,3
895,57,1096276,12,84.87,16
896,30,538637,7,86.25,8
897,24,70248,15,56.55,1
898,36,1214210,6,40.43,5
899,18,70674,11,13.25,0
900,43,121047,9,77.43,3
901,29,311484,2,30.34,7
902,30,69892,20,78.8,4
903,41,236144,12,47.46,12
904,18,129332,2,51.09,0
905,27,80423,20,77.84,5
906,35,114930,16,20.08,4
907,32,362997,4,2.86,8
908,46,207380,16,97.28,23
909,33,216259,8,64.92,6
910,25,55841,9,91.3,2
911,37,87700,4,93.38,11
912,37,57333,10,66.67,1
913,30,154525,4,18.9,4
914,35,65157,17,66.83,10
915,39,326169,13,33.32,17
916,30,89879,19,21.22,3
917,24,115659,17,38.84,2
918,34,70562,10,100.0,10
919,21,1107767,15,40.32,0
920,50,160308,15,58.88,20
921,34,68209,4,3.66,6
922,48,205314,14,65.58,25
923,33,173996,3,83.75,4
924,38,50643,13,1.23,11
925,34,180808,19,50.76,8
926,35,273332,4,22.4,10
927,48,446330,9,37.94,6
928,22,65856,6,2.43,1
929,55,176647,1,49.79,8
930,31,66898,12,21.66,0
931,32,92382,3,21.6,7
932,18,139411,9,84.98,1
933,33,97844,9,14.89,10
934,47,275741,20,0.9,4
935,34,61714,19,35.5,1
936,39,73472,12,23.7,1
937,43,131216,9,25.79,9
938,21,54444,17,62.83,1
939,36,195502,5,22.16,10
940,41,56658,7,32.95,2
941,41,80373,12,12.33,17
942,32,316084,6,13.06,4
943,23,128795,9,68.97,0
944,39,163964,5,99.71,9
945,18,214815,15,28.96,0
946,18,74576,11,18.99,0
947,22,52451,19,84.26,0
948,34,73476,17,69.96,10
949,32,132724,3,52.3,9
950,35,624631,10,99.26,4
951,29,51766,8,24.14,5
952,43,119450,1,90.17,12
953,40,69477,11,16.67,17
954,24,269223,6,3.22,0
955,36,244206,1,40.47,1
956,38,137919,2,48.93,7
957,33,192363,13,7.61,3
958,31,53041,2,66.96,2
959,45,1318142,15,12.62,0
960,42,65576,5,8.92,9
961,32,67190,6,51.53,9
962,33,279323,3,25.05,0
963,44,111147,6,87.15,11
964,29,66058,16,10.97,3
965,31,75386,13,88.1,1
966,19,403732,6,67.88,0
967,64,112259,20,81.38,5
968,39,109435,15,65.9,4
969,49,324351,8,42.31,19
970,32,95875,15,36.96,3
971,42,62892,5,53.24,6
972,27,136334,17,68.88,3
973,34,92646,13,32.92,1
974,19,67516,19,31.31,1
975,24,116408,9,82.08,1
976,44,5145527,16,17.36,13
977,36,170626,19,39.08,13
978,23,67405,18,30.7,0
979,28,62681,8,71.9,1
980,33,53042,18,86.92,11
981,39,72048,1,0.63,10
982,34,93697,17,81.42,9
983,36,102426,17,14.68,2
984,35,51348,16,34.56,4
985,36,73316,17,75.05,8
986,43,50040,13,66.72,18
987,21,85417,8,27.14,1
988,29,60489,3,19.67,1
989,35,76025,1,43.29,13
990,31,614530,17,73.18,3
991,49,185080,9,63.2,27
992,34,163610,9,84.19,6
993,40,683464,11,41.91,6
994,18,50876,17,54.33,1
995,26,77790,13,88.32,2
996,41,54350,20,91.36,9
997,47,67664,6,77.75,1
998,26,215760,12,23.34,3
999,33,348993,12,84.9,3
1000,31,177665,14,57.87,8
1001,39,59333,16,77.5,17
1002,28,243497,6,9.51,6
1003,20,97994,8,53.85,0
1004,36,80877,18,80.19,2
1005,25,159172,18,39.1,3
1006,30,58093,8,9.21,0
1007,26,59701,15,38.02,1
1008,46,443864,14,64.47,1
1009,22,1970501,19,74.23,1
1010,35,277615,15,60.84,4
1011,44,59747,2,44.3,14
1012,44,91554,5,79.93,5
1013,38,9281325,11,48.3,15
1014,40,58918,1,80.01,0
1015,42,87536,8,52.47,11
1016,22,222548,1,55.18,0
1017,45,236928,14,58.42,6
1018,39,82169,13,2.83,13
1019,50,160100,4,23.41,13
1020,30,4202506,4,20.07,7
1021,19,2766065,11,92.74,0
1022,43,125340,6,10.57,12
1023,40,229548,7,28.03,5
1024,46,66923,19,36.62,12
1025,61,90935,6,29.84,20
1026,27,54962,4,23.63,4
1027,41,74219,10,82.78,3
1028,36,76069,7,30.96,7
1029,18,153601,12,34.02,0
1030,27,176639,4,36.78,4
1031,32,123706,3,69.47,3
1032,38,193459,14,28.68,10
1033,37,1256648,11,4.28,8
1034,24,62802,14,32.32,1
1035,45,68045,5,61.45,1
1036,37,481944,9,16.9,3
1037,25,59689,4,30.7,2
1038,32,100489,8,17.56,4
1039,37,111906,8,71.36,3
1040,23,120558,2,15.74,1
1041,41,55777,6,18.94,0
1042,24,74148,7,30.38,2
1043,36,177566,1,82.33,1
1044,31,75008,9,65.54,0
1045,36,69794,20,82.37,3
1046,38,89380,20,38.67,13
1047,50,131844,3,75.22,6
1048,18,58178,6,75.43,0
1049,28,344606,20,36.77,4
1050,19,98732,10,43.98,0
1051,36,55584,9,43.14,12
1052,37,102913,10,18.4,8
1053,33,187244,10,8.99,9
1054,41,204670,11,96.47,2
1055,35,354226,17,34.8,13
1056,36,58998,9,0.72,13
1057,42,218799,8,63.35,6
1058,32,84567,10,42.53,0
1059,41,82269,12,59.24,17
1060,46,129377,4,19.31,6
1061,22,619983,2,94.61,1
1062,45,64081,3,66.11,23
1063,18,61001,2,17.65,0
1064,32,83312,1,21.53,2
1065,54,62068,6,56.66,26
1066,18,137843,13,6.53,1
1067,49,198262,8,40.83,0
1068,24,53119,11,94.62,0
1069,31,55221,19,13.15,9
1070,22,73842,5,65.36,1
1071,31,111218,14,58.61,9
1072,50,98339,1,1.54,2
1073,28,140838,15,65.31,2
1074,41,80047,5,63.24,13
1075,19,149729,19,26.44,1
1076,36,1224202,2,47.95,8
1077,40,50993,20,15.56,1
1078,38,1047104,8,95.92,12
1079,33,433184,3,72.6,6
1080,46,196710,5,85.3,3
1081,28,154336,13,91.03,4
1082,31,131410,9,59.68,4
1083,57,53757,19,34.14,15
1084,29,111081,16,37.42,2
1085,28,325323,16,4.83,2
1086,31,50402,19,52.03,9
1087,20,110228,8,41.57,0
1088,32,1192130,11,58.6,8
1089,24,76653,6,70.9,2
1090,46,141151,7,73.61,11
1091,18,124614,13,9.7,0
1092,32,161530,12,93.11,9
1093,33,7861629,3,31.18,3
1094,35,4469505,10,80.2,9
1095,46,90795,4,85.28,20
1096,48,308616,2,18.48,15
1097,19,192605,1,64.82,0
1098,31,338728,13,69.87,0
1099,21,69344,11,80.57,1
1100,18,61789,6,63.82,0
1101,28,366798,11,30.27,2
1102,38,671278,3,82.67,9
1103,46,67127,11,23.54,17
1104,34,94418,5,43.05,11
1105,44,82702,19,1.45,21
1106,43,122776,18,32.88,2
1107,52,68978,4,53.89,10
1108,21,76900,15,63.83,0
1109,38,87145,13,91.41,0
1110,36,83526,20,14.9,7
1111,40,80379,7,12.45,7
1112,25,76117,18,53.98,1
1113,29,126959,13,97.04,2
1114,43,733490,4,98.62,0
1115,34,110158,17,68.54,11
1116,42,93961,13,33.96,15
1117,19,55528,1,23.3,0
1118,41,223719,15,61.44,10
1119,24,459754,11,57.56,1
1120,31,55048,18,93.91,9
1121,45,123272,17,27.98,22
1122,44,120865,19,74.32,20
1123,49,61967,3,9.09,17
1124,26,144899,3,25.53,0
1125,24,72732,8,73.31,0
1126,21,101789,14,18.91,0
1127,18,117951,17,10.06,0
1128,36,55115,4,1.21,12
1129,40,313270,15,44.08,1
1130,44,67442,5,30.85,4
1131,23,3055422,6,61.47,0
1132,31,81827,15,83.31,4
1133,31,51257,13,79.53,5
1134,19,54441,13,59.16,0
1135,47,175426,14,33.4,4
1136,31,77178,20,86.62,5
1137,58,86042,7,31.72,34
1138,26,1356252,19,17.47,1
1139,42,80495,7,40.07,2
1140,26,95921,12,53.12,4
1141,24,187189,19,64.84,0
1142,59,64831,4,4.9,11
1143,18,28612000,19,33.79,1
1144,30,101089,19,17.36,2
1145,36,96800,7,13.07,7
1146,33,71782,8,24.42,8
1147,23,56267,12,15.64,1
1148,40,50205,19,24.14,18
1149,25,52606,10,3.16,1
1150,42,114609,2,68.54,5
1151,21,58252,18,93.43,1
1152,32,914897,19,97.44,7
1153,53,52106,19,88.5,27
1154,18,391637,14,75.65,1
1155,18,68581,18,31.84,0
1156,48,54013,12,54.07,24
1157,25,169326,15,2.92,2
1158,38,68370,16,43.94,16
1159,36,80446,9,74.12,0
1160,36,62066,5,74.13,0
1161,32,145184,18,83.39,0
1162,25,93770,1,87.84,0
1163,18,53019,7,37.39,1
1164,33,94414,16,65.52,4
1165,24,63685,1,51.52,1
1166,32,100108,9,92.01,4
1167,54,63619,16,55.13,2
1168,21,476371,19,13.45,1
1169,18,292832,20,40.81,1
1170,24,662162,2,3.35,2
1171,29,1370277,2,96.69,0
1172,44,120197,15,64.82,0
1173,47,54917,20,13.5,20
1174,51,148297,1,96.96,29
1175,41,134124,2,59.14,5
1176,35,1216612,7,45.14,6
1177,56,1129252,20,91.49,14
1178,25,217923,13,71.58,0
1179,41,1440331,12,49.33,18
1180,29,50821,16,10.3,3
1181,30,131758,11,17.38,1
1182,41,102662,3,69.92,7
1183,31,51675,18,19.24,1
1184,40,296542,17,72.7,3
1185,50,67512,6,45.25,18
1186,26,317025,5,63.97,2
1187,53,51517,6,23.58,13
1188,30,52366,18,95.02,2
1189,33,137761,12,16.52,1
1190,22,53817,8,6.0,1
1191,20,7433680,13,56.77,0
1192,29,63924,15,90.65,5
1193,36,2558728,5,58.18,6
1194,38,134527,12,89.73,13
1195,31,124538,16,75.06,2
1196,25,97763,5,49.22,0
1197,37,115122,6,70.59,14
1198,55,56653,19,98.0,20
1199,41,51046,5,3.21,11
1200,44,50120,4,73.33,10
1201,33,191490,12,67.0,7
1202,24,51411,10,19.73,2
1203,38,156631,17,51.1,0
1204,35,83697,20,15.88,1
1205,23,823736,11,83.02,1
1206,50,192646,14,22.46,25
1207,46,76493,4,56.85,22
1208,20,51595,18,45.8,1
1209,68,3311084,6,42.63,20
1210,36,180759,3,19.21,8
1211,43,60586,10,30.13,5
1212,18,51961,7,8.21,1
1213,26,357590,3,76.33,3
1214,26,51190,14,43.39,1
1215,40,150299,7,22.73,13
1216,24,50579,7,3.03,2
1217,44,91258,19,77.83,19
1218,31,55475,16,17.43,5
1219,27,54777,5,98.45,5
1220,31,90718,9,41.04,5
1221,36,51777,9,27.47,9
1222,56,57062,20,18.97,3
1223,18,77651,10,87.08,0
1224,29,215555,9,60.99,2
1225,18,77522,14,80.64,0
1226,37,71305,5,14.83,3
1227,52,67627,9,99.64,0
1228,54,64747,14,57.68,2
1229,60,206578,12,23.04,36
1230,42,65460,20,56.32,11
1231,30,66279,4,30.54,8
1232,34,124980,2,69.68,7
1233,36,53765,11,43.44,10
1234,23,66929,8,77.05,1
1235,45,397324,8,63.9,15
1236,30,74592,10,97.79,7
1237,18,57827,9,45.99,1
1238,26,1267651,2,41.46,3
1239,21,51627,6,87.95,1
1240,42,156245,15,6.15,2
1241,37,267840,3,47.09,5
1242,25,86921,12,26.44,2
1243,47,55231,2,57.45,14
1244,45,437131,5,84.0,18
1245,29,68614,11,84.53,2
1246,57,825609,18,56.64,28
1247,41,211520,12,21.76,1
1248,32,149225,2,32.96,3
1249,29,91177,14,25.05,5
1250,18,51099,5,67.14,0
1251,45,211550,9,71.98,23
1252,30,57158,8,42.18,8
1253,24,111505,18,82.17,1
1254,47,226554,19,45.72,9
1255,18,252826,6,50.47,1
1256,18,156147,9,64.59,1
1257,35,798240,19,57.05,8
1258,36,63395,6,28.55,14
1259,33,68623,4,44.78,6
1260,33,59335,19,61.22,9
1261,27,72234,7,75.6,2
1262,35,1293756,9,38.39,0
1263,40,128425,14,70.93,16
1264,34,106585,7,13.11,1
1265,24,247618,3,64.08,0
1266,48,123146,5,4.99,22
1267,35,65156,7,51.17,12
1268,19,688095,10,44.05,1
1269,48,254556,5,0.11,4
1270,34,62466,19,62.37,5
1271,34,362809,7,52.65,8
1272,41,629102,13,9.31,15
1273,39,61009,17,86.1,11
1274,48,57933,8,65.61,23
1275,25,156788,11,33.41,2
1276,39,53245,13,32.15,3
1277,32,205837,8,81.61,3
1278,35,66536,7,57.68,12
1279,27,186948,2,9.83,1
1280,30,378200,3,56.2,5
1281,29,128590,17,20.86,7
1282,41,186373,6,92.87,14
1283,22,56666,8,58.31,0
1284,40,57021,3,5.53,13
1285,34,213108,11,89.31,12
1286,18,54494,7,79.26,0
1287,34,107463,10,27.91,1
1288,45,56606,9,6.61,16
1289,34,335003,11,76.69,8
1290,29,64565,3,45.57,1
1291,31,101327,10,76.13,1
1292,25,921904,18,30.36,1
1293,41,60851,20,53.43,10
1294,34,216310,11,5.98,10
1295,40,72539,16,83.53,9
1296,42,2911484,8,62.06,17
1297,27,340627,3,24.78,5
1298,53,448773,20,17.72,27
1299,23,62482,18,90.53,1
1300,23,169017,12,36.9,0
1301,35,463950,18,13.68,9
1302,36,54712,12,14.11,11
1303,25,340976,12,78.18,3
1304,23,109017,17,26.62,1
1305,38,85473,16,42.71,14
1306,40,304390,7,2.01,18
1307,34,170498,5,85.53,6
1308,54,179011,13,75.7,22
1309,23,85560,2,97.73,0
1310,19,363104,11,90.8,0
1311,34,78947,16,82.07,10
1312,38,61240,15,73.45,13
1313,30,781942,8,1.24,7
1314,38,654220,3,49.91,13
1315,33,83443,14,59.22,5
1316,41,54660,10,59.02,13
1317,37,77430,18,81.95,6
1318,25,130901,19,90.27,3
1319,47,230770,9,66.41,22
1320,41,58096,3,3.03,18
1321,32,75694,12,61.8,1
1322,31,89263,19,52.46,5
1323,45,92219,11,69.74,8
1324,55,51088,14,17.65,25
1325,25,51020,15,45.04,3
1326,28,218254,4,57.12,1
1327,42,1273064,20,3.91,5
1328,19,129529,7,28.34,0
1329,42,174496,2,72.95,10
1330,37,107947,5,54.1,4
1331,36,61604,4,77.96,4
1332,33,63250,6,73.86,10
1333,20,70421,12,3.0,1
1334,47,73449,1,46.24,2
1335,18,108361,10,82.5,0
1336,39,54777,18,33.18,13
1337,31,86073,11,13.14,7
1338,46,109442,3,90.82,8
1339,18,68405,8,21.46,1
1340,38,88256,13,10.39,9
1341,30,163206,19,24.15,2
1342,58,216724,15,94.06,34
1343,34,174546,2,93.84,0
1344,45,143881,16,36.85,8
1345,18,50588,1,84.37,0
1346,30,58324,8,53.86,5
1347,50,113750,10,75.77,22
1348,29,966037,9,14.88,1
1349,29,86094,5,53.62,4
1350,43,54166,12,82.41,0
1351,25,190024,12,79.98,2
1352,40,56911,14,11.79,2
1353,32,62345,10,71.55,0
1354,33,81674,4,82.81,9
1355,18,226330,14,76.07,0
1356,49,558138,18,59.17,11
1357,53,110586,16,25.03,28
1358,25,56258,1,69.53,3
1359,41,123988,18,78.35,8
1360,32,75869,19,42.72,1
1361,60,75153,5,33.16,29
1362,23,164728,16,64.6,0
1363,63,417828,20,37.56,28
1364,38,51600,2,48.56,0
1365,32,85276,14,72.3,0
1366,41,264453,7,14.58,9
1367,18,178446,4,92.72,1
1368,30,114220,8,98.08,3
1369,51,130326,1,40.06,3
1370,36,55776,2,82.11,3
1371,21,56369,18,87.73,1
1372,31,76024,20,70.89,9
1373,31,166969,14,91.15,7
1374,24,343385,20,39.88,2
1375,26,51359,13,31.62,1
1376,42,53166,10,67.39,12
1377,28,134580,11,64.79,2
1378,35,616399,17,30.05,11
1379,36,53277,20,57.02,11
1380,26,53342,16,53.38,1
1381,23,57862,11,90.82,0
1382,50,111352,17,47.11,0
1383,39,97153,10,7.63,14
1384,53,83431,12,0.41,15
1385,20,53686,18,6.25,0
1386,50,164386,20,88.17,13
1387,27,98765,19,6.62,3
1388,45,52175,20,2.02,11
1389,38,105056,12,12.05,3
1390,48,71321,9,76.95,10
1391,45,181825,7,6.9,8
1392,48,448564,2,59.68,25
1393,34,149616,5,61.83,7
1394,26,60955,2,67.68,2
1395,33,844663,14,9.35,11
1396,22,53438,12,3.45,1
1397,21,176878,19,52.74,0
1398,21,160922,10,51.02,1
1399,38,135764,14,56.77,5
1400,28,77262,6,41.87,1
1401,34,73178,15,8.59,4
1402,53,196377,2,13.06,9
1403,51,2324482,1,40.49,15
1404,41,51644,14,30.9,10
1405,37,59781,5,34.52,15
1406,52,72192,16,6.5,16
1407,35,72045,1,77.4,7
1408,46,102227,17,25.99,18
1409,24,66970,2,89.38,1
1410,27,103876,15,49.15,5
1411,38,532138,8,12.6,2
1412,35,101963,18,82.69,9
1413,42,70801,3,44.84,18
1414,46,77459,5,64.19,3
1415,50,100514,9,31.51,1
1416,34,76682,2,13.84,12
1417,29,141621,8,44.22,4
1418,23,98878,3,48.07,1
1419,26,55714,4,68.53,1
1420,21,567081,17,81.35,1
1421,28,73705,18,93.27,3
1422,18,303396,15,29.52,0
1423,45,54399,2,8.3,6
1424,38,100020,12,94.95,3
1425,38,431455,1,10.14,14
1426,37,84590,7,3.5,12
1427,38,70356,12,31.88,3
1428,39,99647,4,45.6,7
1429,19,81016,20,64.28,0
1430,49,59045,16,82.54,11
1431,57,303796,1,20.25,32
1432,37,69787,1,3.37,6
1433,43,332889,10,90.03,8
1434,41,554465,15,71.44,4
1435,27,52206,7,73.37,4
1436,19,121157,3,73.1,1
1437,36,51464,12,67.45,14
1438,42,65105,8,38.69,2
1439,38,290750,8,79.19,13
1440,37,117583,18,29.6,3
1441,34,445063,6,96.7,11
1442,36,357450,12,64.0,5
1443,33,81096,10,23.4,9
1444,53,198935,20,55.73,25
1445,30,94261,20,28.91,0
1446,45,111354,13,74.58,13
1447,21,53181,4,33.9,0
1448,33,142152,12,8.68,9
1449,36,79764,10,26.03,2
1450,40,364872,15,19.03,12
1451,34,58298,7,35.46,10
1452,29,74320,7,64.46,7
1453,26,244009,9,16.38,2
1454,28,145819,20,39.34,2
1455,25,63451,8,62.88,3
1456,56,76257,8,47.88,10
1457,40,92076,14,85.52,14
1458,21,83303,11,41.84,0
1459,40,55914,1,49.72,1
1460,21,129317,6,61.94,0
1461,50,198568,3,93.95,12
1462,30,76625,4,33.89,3
1463,28,69259,13,96.54,3
1464,25,99359,13,79.79,0
1465,34,61519,10,6.0,0
1466,37,73047,14,28.17,10
1467,47,2462813,17,42.56,8
1468,41,74870,2,61.76,9
1469,43,69799,13,58.43,8
1470,30,53238,16,26.33,7
1471,40,56978,4,27.78,14
1472,21,245164,20,12.82,1
1473,25,116332,11,55.26,0
1474,31,148761,4,28.98,2
1475,33,134707,12,40.36,3
1476,21,50680,4,67.68,0
1477,47,104717,18,17.07,18
1478,57,159612,3,72.18,0
1479,46,96210,16,12.47,0
1480,45,334917,8,59.63,4
1481,29,1988903,13,58.84,1
1482,50,54002,3,51.98,12
1483,56,209486,8,8.85,15
1484,33,211046,7,60.9,4
1485,35,173303,2,9.33,6
1486,29,69123,4,95.24,3
1487,38,100664,15,43.81,11
1488,29,141061,5,20.95,2
1489,39,62432,19,82.72,16
1490,36,206302,11,46.77,10
1491,52,105207,18,73.08,19
1492,39,79944,8,43.61,17
1493,40,132371,19,41.43,0
1494,41,63503,3,95.63,6
1495,31,74372,13,2.69,8
1496,37,913131,15,2.7,4
1497,21,67386,13,12.6,1
1498,28,90573,19,98.8,4
1499,22,88795,6,78.47,1
1500,40,73382,13,70.87,9
1501,24,107831,6,10.61,2
1502,28,75603,3,74.22,5
1503,37,114657,17,14.52,8
1504,51,75510,19,10.12,9
1505,39,2853307,16,64.93,0
1506,28,99550,20,4.59,6
1507,35,119619,9,46.34,6
1508,38,95184,19,54.71,1
1509,39,84268,10,34.19,4
1510,50,149565,4,21.95,11
1511,34,50225,8,2.73,4
1512,54,154611,9,66.43,24
1513,22,265772,1,78.24,0
1514,39,121761,7,7.3,8
1515,29,60508,13,81.44,4
1516,24,117443,13,22.6,1
1517,38,50983,19,94.6,2
1518,68,115832,4,93.18,40
1519,48,56155,15,86.65,13
1520,18,75222,6,91.87,1
1521,25,531124,4,58.26,0
1522,32,125323,5,77.86,7
1523,52,52236,11,67.95,26
1524,58,78541,7,68.03,28
1525,34,61351,8,70.66,1
1526,34,184912,1,55.93,3
1527,27,68721,3,25.36,5
1528,26,1246173,11,48.91,4
1529,50,50642,16,32.47,0
1530,20,70434,17,80.94,0
1531,38,74059,1,90.65,9
1532,26,85767,4,52.02,2
1533,24,134577,17,88.12,2
1534,41,144113,13,40.79,9
1535,59,102711,11,12.01,6
1536,21,55690,15,18.1,0
1537,28,472063,20,84.52,6
1538,43,206408,2,40.33,11
1539,43,81773,1,62.67,18
1540,35,86573,14,64.3,6
1541,23,108858,4,90.41,0
1542,39,590621,4,85.84,6
1543,24,92878,18,75.72,1
1544,18,76508,14,74.22,0
1545,32,289372,15,62.15,1
1546,26,132824,9,75.87,2
1547,28,116162,10,90.74,4
1548,40,85167,16,78.12,12
1549,29,62992,16,43.49,5
1550,41,286615,12,90.51,2
1551,27,55459,1,53.86,5
1552,34,53533,20,25.85,3
1553,43,262929,13,92.08,12
1554,46,830686,8,47.46,24
1555,28,80563,5,66.64,1
1556,25,145983,15,89.35,2
1557,43,71660,1,98.7,5
1558,29,206342,5,29.04,1
1559,42,136044,7,56.12,6
1560,29,54239,2,59.83,2
1561,25,358866,13,34.25,2
1562,21,70603,20,50.35,1
1563,29,50669,19,63.72,3
1564,28,78973,9,39.65,0
1565,29,96679,12,80.48,1
1566,27,86691,3,1.24,4
1567,40,145576,17,52.79,3
1568,33,62268,14,83.75,6
1569,44,76431,6,42.3,22
1570,30,101313,16,4.36,0
1571,58,111947,15,84.72,32
1572,29,6152336,2,90.29,2
1573,29,61063,13,83.76,0
1574,18,156392,8,36.62,0
1575,36,57283,7,85.19,6
1576,27,50678,12,1.87,2
1577,37,131848,3,69.63,10
1578,33,619771,17,26.46,0
1579,36,57434,3,10.55,3
1580,22,51595,1,90.51,0
1581,35,59958,9,85.89,8
1582,25,62218,14,67.08,1
1583,37,104451,15,25.04,10
1584,39,114300,16,60.74,2
1585,33,91663,13,85.82,7
1586,18,121164,19,27.14,1
1587,27,118540,7,16.98,3
1588,29,78450,5,62.31,2
1589,31,62681,20,22.51,8
1590,44,387401,19,62.18,21
1591,25,161018,12,89.95,3
1592,27,67480,3,0.87,0
1593,19,56385,10,60.52,0
1594,45,96942,13,70.04,0
1595,42,522822,1,10.71,2
1596,18,103495,18,55.17,1
1597,40,58769,3,63.46,7
1598,29,65261,9,32.16,7
1599,49,62568,20,26.5,8
1600,56,341454,4,24.53,17
1601,18,276795,15,41.02,1
1602,21,52940,7,58.55,0
1603,34,79236,5,51.97,0
1604,18,85022,15,75.44,1
1605,38,636014,13,42.4,14
1606,29,143765,10,87.17,7
1607,37,130907,9,1.33,2
1608,29,353440,11,50.52,4
1609,28,66439,13,58.72,4
1610,18,61979,9,60.79,0
1611,22,348107,14,43.46,1
1612,49,471017,18,58.79,2
1613,42,73904,8,23.99,6
1614,33,70239,5,26.96,2
1615,37,64555,8,69.77,11
1616,39,65920,15,15.93,9
1617,30,55861,17,24.0,4
1618,30,605452,4,60.03,5
1619,38,52329,7,64.87,1
1620,46,182090,16,21.81,11
1621,37,54588,12,70.73,1
1622,40,68995,10,70.83,15
1623,18,82035,8,77.66,1
1624,38,55476,2,57.91,13
1625,21,52848,2,67.74,0
1626,41,284712,16,98.03,11
1627,23,92024,7,84.33,0
1628,54,259818,13,37.63,14
1629,36,75905,1,71.7,8
1630,31,81200,4,59.16,5
1631,29,68552,14,2.37,1
1632,23,82938,10,48.61,0
1633,46,103347,10,17.87,13
1634,37,247306,20,87.68,3
1635,46,89709,19,11.67,14
1636,43,457273,1,55.87,0
1637,32,23034512,10,77.49,7
1638,31,61198,16,39.19,8
1639,18,50991,5,24.49,0
1640,35,89505,4,64.2,12
1641,20,429583,3,10.77,1
1642,42,144303,19,81.44,11
1643,30,108483,12,0.88,7
1644,46,147938,15,8.06,22
1645,56,61200,9,12.5,3
1646,37,52352,1,78.46,2
1647,24,137336,16,38.42,1
1648,34,57347,20,80.56,4
1649,19,164070,10,29.69,1
1650,38,81472,20,60.01,10
1651,39,57082,1,85.91,16
1652,25,227787,10,55.7,3
1653,39,81431,3,8.37,5
1654,41,74658,4,82.46,3
1655,18,84620,10,94.43,0
1656,20,61381,9,75.54,0
1657,55,281321,9,66.65,29
1658,35,177555,19,43.03,7
1659,42,110487,14,70.71,19
1660,29,60910,10,29.54,6
1661,29,87995,12,60.98,4
1662,50,218719,11,85.18,8
1663,24,106123,15,56.61,1
1664,43,440572,15,76.05,7
1665,23,263281,12,55.67,1
1666,35,264329,4,57.32,10
1667,62,2539272,5,92.95,18
1668,25,61546,10,79.24,0
1669,31,84151,8,80.31,4
1670,39,181660,13,14.22,5
1671,32,100625,2,84.67,1
1672,44,84066,14,89.13,3
1673,27,90452,3,82.81,0
1674,18,569046,8,72.75,0
1675,30,51488,11,47.89,6
1676,25,78019,11,76.63,3
1677,33,50742,18,77.49,10
1678,27,64355,7,71.9,2
1679,32,222705,18,8.14,7
1680,34,93477,10,9.99,0
1681,38,161778,11,21.6,6
1682,42,296075,12,70.26,1
1683,49,112971,12,94.19,15
1684,50,64735,20,22.16,2
1685,43,96977,3,84.17,8
1686,22,90487,15,90.73,1
1687,24,55408,17,1.6,0
1688,24,55339,11,54.13,2
1689,35,138043,3,59.28,12
1690,25,1907846,3,60.4,1
1691,30,104063,9,43.83,8
1692,52,57477,9,37.57,9
1693,46,319633,6,23.78,24
1694,35,56282,18,43.66,9
1695,42,193678,3,21.49,5
1696,21,75405,19,84.86,0
1697,26,117458,9,23.87,4
1698,34,53347,2,7.45,2
1699,32,356161,12,14.5,5
1700,35,216591,11,39.23,3
1701,38,226487,6,81.03,9
1702,46,307884,18,28.94,7
1703,34,119169,8,42.09,12
1704,32,102331,5,27.82,3
1705,44,87647,18,75.11,6
1706,29,17177354,11,58.26,4
1707,43,1029890,20,49.02,18
1708,48,580522,9,60.16,24
1709,39,67959,19,32.08,9
1710,46,1038392,9,72.43,3
1711,30,98318,5,38.47,2
1712,40,184234,3,36.76,1
1713,49,71204,14,95.71,17
1714,47,54959,7,10.04,9
1715,35,310037,16,4.04,5
1716,20,87383,1,26.04,0
1717,33,208873,20,80.17,6
1718,39,137924,14,22.55,9
1719,38,171341,7,14.18,5
1720,24,66077,5,5.86,1
1721,19,747182,20,43.15,0
1722,37,82959,8,5.58,15
1723,41,750046,1,39.09,9
1724,43,64953,6,75.29,12
1725,45,128820,5,50.15,17
1726,41,168490,11,13.08,10
1727,30,89861,5,67.77,2
1728,41,56809,8,95.18,10
1729,44,139897,1,27.18,12
1730,20,71961,16,56.06,0
1731,19,63758,15,72.89,1
1732,53,111981,5,41.43,16
1733,40,352249,15,1.28,3
1734,37,135235,13,91.5,11
1735,27,90593,8,38.38,2
1736,31,160715,18,65.39,6
1737,41,1800288,9,90.85,8
1738,39,100821,1,58.19,10
1739,33,58745,1,10.46,7
1740,33,130602,13,78.13,9
1741,42,66914,10,28.24,17
1742,18,55015,1,35.82,0
1743,32,92775,5,18.87,2
1744,22,171330,3,44.28,1
1745,44,100186,16,52.9,5
1746,34,70832,7,54.84,9
1747,18,54307,13,76.94,1
1748,28,198897,3,84.44,1
1749,43,72846,12,59.24,14
1750,34,1436592,6,87.78,11
1751,34,67455,5,63.75,2
1752,38,2881767,3,5.26,3
1753,33,574796,14,31.94,6
1754,42,88724,13,95.05,11
1755,58,263486,16,62.31,30
1756,33,62371,20,69.12,3
1757,48,53685,8,32.18,9
1758,38,55646,1,84.09,13
1759,31,68196,9,80.08,3
1760,44,75927,4,68.73,12
1761,29,162760,18,40.92,0
1762,51,50398,9,63.94,12
1763,39,121799,19,9.85,2
1764,34,74204,2,56.04,4
1765,33,104150,3,85.01,8
1766,29,67974,3,28.1,6
1767,57,196185,19,52.47,25
1768,31,1024844,13,34.53,5
1769,25,212136,3,18.77,2
1770,45,173399,11,12.03,13
1771,53,81195,9,13.24,8
1772,24,71345,18,99.08,2
1773,39,63394,7,88.46,13
1774,24,93779,4,44.09,0
1775,30,52843,5,84.68,5
1776,44,67702,8,3.0,9
1777,29,269778,3,27.66,3
1778,22,78242,1,11.56,0
1779,31,59918,14,29.98,6
1780,18,119514,3,21.72,0
1781,30,57106,19,43.79,4
1782,37,386346,19,17.36,9
1783,39,92469,14,48.16,0
1784,24,145120,1,56.47,2
1785,44,107141,20,93.21,0
1786,49,63134,13,50.66,2
1787,38,164190,1,82.37,11
1788,31,84037,15,40.01,3
1789,37,63923,10,9.46,3
1790,21,50736,10,71.29,0
1791,32,99341,15,32.21,9
1792,33,151720,4,52.44,9
1793,41,539278,7,55.44,14
1794,37,78968,13,65.51,11
1795,33,67639,9,99.9,0
1796,32,306221,3,85.0,9
1797,31,66571,13,80.16,7
1798,37,164688,7,25.78,5
1799,23,906958,17,88.53,1
1800,41,317122,5,80.67,12
1801,36,202564,11,89.7,0
1802,53,53603,12,16.77,3
1803,21,964214,1,58.24,0
1804,18,66848,7,64.27,0
1805,29,51260,16,38.5,0
1806,18,61700,8,57.55,1
1807,28,2129602,9,86.41,4
1808,37,240045,15,95.28,0
1809,37,109184,18,86.4,5
1810,23,53156,13,96.51,0
1811,52,95234,5,13.32,4
1812,26,144221,19,53.71,2
1813,46,96050,11,37.64,23
1814,29,97081,4,88.46,4
1815,35,95412,15,71.3,7
1816,37,66630,4,53.26,13
1817,49,236236,1,66.95,10
1818,34,389983,18,41.29,12
1819,35,186702,7,72.37,11
1820,60,84048,4,1.46,11
1821,33,71003,7,14.51,8
1822,40,76663,8,31.54,4
1823,37,162615,10,95.82,14
1824,35,163535,14,77.14,10
1825,25,50708,3,92.14,1
1826,33,53948,2,80.37,9
1827,55,113692,9,71.67,25
1828,39,63655,17,7.22,7
1829,41,154933,2,53.95,2
1830,46,111262,14,62.13,6
1831,31,58129,12,10.72,8
1832,30,64568,16,74.97,0
1833,22,54848,13,56.83,0
1834,36,75345,16,66.88,3
1835,50,65295,2,5.55,25
1836,43,84819,17,40.58,17
1837,29,68148,11,7.51,1
1838,35,378619,7,60.96,13
1839,33,99229,13,38.66,2
1840,30,187880,17,86.02,6
1841,40,132191,5,68.27,10
1842,35,68367,5,62.22,0
1843,40,197275,4,65.81,7
1844,32,60484,10,44.93,2
1845,43,72944,1,44.47,9
1846,42,119361,18,86.92,1
1847,28,80623,20,23.89,0
1848,25,81173,9,57.16,0
1849,43,135536,2,16.23,3
1850,42,70687,10,95.87,13
1851,41,109071,5,85.93,16
1852,23,54378,18,12.64,0
1853,32,78661,1,1.8,3
1854,29,248759,8,22.16,4
1855,27,171939,4,91.49,3
1856,33,175398,3,19.56,4
1857,24,85997,19,17.32,0
1858,44,181282,20,47.71,18
1859,22,79847,3,4.18,1
1860,34,59993,18,0.6,5
1861,37,178503,19,38.16,12
1862,44,589975,19,40.2,17
1863,39,633365,10,90.51,6
1864,48,87334,1,30.92,20
1865,31,1405420,12,24.92,5
1866,45,65735,20,74.55,4
1867,29,63597,16,11.0,1
1868,18,116356,10,66.83,1
1869,38,60921,10,54.13,7
1870,37,114610,4,10.25,1
1871,18,133012,5,98.94,0
1872,42,61925,20,10.14,18
1873,41,2409654,20,13.14,1
1874,39,50341,10,67.61,2
1875,43,72001,13,22.13,2
1876,18,133624,7,56.11,0
1877,36,1882089,8,77.14,2
1878,34,210353,3,28.15,4
1879,45,89455,13,88.83,10
1880,39,99513,3,62.92,9
1881,40,65908,15,10.09,2
1882,31,57444,17,48.54,1
1883,47,137821,14,38.48,6
1884,38,226019,7,60.5,2
1885,33,222645,4,17.95,11
1886,18,83499,2,80.56,0
1887,45,271098,6,49.24,13
1888,24,50563,6,57.95,1
1889,29,156518,16,25.07,5
1890,48,126323,5,32.08,0
1891,39,84573,19,9.48,13
1892,46,172154,20,94.19,19
1893,24,70649,18,51.38,2
1894,37,515195,5,35.15,13
1895,42,139573,10,4.47,8
1896,40,101642,15,72.49,9
1897,41,709170,7,23.08,18
1898,27,52031,20,87.33,1
1899,24,112697,6,0.25,1
1900,40,3454689,2,20.43,2
1901,35,60413,2,76.93,9
1902,35,144242,4,77.08,4
1903,40,70341,14,96.29,12
1904,40,93275,11,96.17,8
1905,42,61119,2,87.16,1
1906,18,1402728,18,39.38,1
1907,32,2107175,10,92.84,8
1908,51,138602,17,50.33,24
1909,44,75686,5,33.33,14
1910,34,122705,17,77.45,2
1911,28,72895,7,62.52,6
1912,36,687694,9,66.68,5
1913,44,89182,17,43.26,16
1914,42,53383,7,59.84,8
1915,42,77278,1,32.15,14
1916,52,76282,15,68.47,7
1917,21,417280,6,28.33,1
1918,24,72456,20,77.62,2
1919,36,77774,8,32.15,3
1920,33,50165,17,66.07,5
1921,28,4636081,6,6.85,0
1922,33,63361,18,31.42,9
1923,48,205459,6,48.47,26
1924,42,104646,12,15.35,12
1925,39,82530,4,64.87,3
1926,35,56789,8,57.04,6
1927,44,59743,12,28.61,21
1928,46,262358,10,62.95,16
1929,34,1151328,14,99.8,2
1930,39,245687,8,39.64,13
1931,18,116247,19,16.27,1
1932,31,185724,14,69.28,8
1933,34,148354,14,49.59,6
1934,40,81867,8,47.38,8
1935,28,69715,3,87.97,6
1936,30,79261,16,90.76,2
1937,45,64791,2,60.11,16
1938,48,78488,20,22.75,8
1939,36,172625,15,9.76,10
1940,23,52375,6,94.87,0
1941,30,761455,2,18.27,8
1942,43,178163,12,61.18,19
1943,47,85769,1,53.62,0
1944,24,59014,6,54.74,1
1945,48,61805,17,82.97,24
1946,33,73282,15,28.61,2
1947,44,130290,9,27.97,14
1948,23,1696842,10,38.57,1
1949,30,67277,9,72.01,2
1950,32,91726,16,73.34,0
1951,36,107415,8,41.67,3
1952,39,62226,20,49.74,13
1953,37,64744,3,27.01,2
1954,45,150211,11,93.22,1
1955,18,100760,19,38.27,1
1956,25,79886,19,98.69,2
1957,29,10934253,4,37.22,2
1958,39,73420,6,5.2,7
1959,18,114366,12,63.53,1
1960,27,97876,9,43.42,3
1961,32,205532,2,53.41,2
1962,45,68692,7,91.57,0
1963,31,207550,6,45.38,3
1964,24,144026,6,8.84,1
1965,27,3168223,12,87.59,4
1966,36,137968,1,43.74,8
1967,45,66182,14,81.38,20
1968,18,73788,9,51.06,1
1969,35,220509,8,1.03,10
1970,41,80576,20,67.86,15
1971,33,70788,14,48.58,10
1972,40,137886,1,6.0,1
1973,43,61729,7,74.71,13
1974,43,1584505,10,78.59,5
1975,53,68317,15,43.45,22
1976,40,54446,4,16.83,6
1977,37,74791,12,65.74,1
1978,37,231417,19,56.72,0
1979,42,1771531,16,68.47,6
1980,27,73192,12,43.67,3
1981,40,70788,15,99.95,13
1982,56,185971,14,25.5,33
1983,21,52716,16,20.52,0
1984,18,52320,9,27.11,1
1985,36,121965,18,35.84,4
1986,18,57515,13,20.85,0
1987,39,52080,19,28.52,5
1988,19,60498,3,52.72,1
1989,44,51254,16,16.25,4
1990,33,105368,12,94.78,10
1991,42,225518,2,2.53,5
1992,34,223302,13,33.71,7
1993,45,76357,5,56.94,20
1994,54,50648,12,45.72,0
1995,42,159003,15,74.46,1
1996,41,553479,6,57.88,11
1997,37,58229,15,62.69,5
1998,30,1904943,6,22.5,2
1999,43,55799,12,21.07,10
2000,32,68761,2,40.34,2
2001,41,129094,16,44.52,16
2002,23,55040,14,93.45,1
2003,25,75113,3,86.34,0
2004,18,107859,14,16.31,1
2005,31,83798,17,6.7,8
2006,28,118095,11,12.12,3
2007,45,78269,14,47.5,7
2008,46,56326,10,57.56,20
2009,39,87235,5,22.27,8
2010,57,98501,13,46.25,3
2011,43,469493,17,11.7,3
2012,60,53550,7,16.01,27
2013,34,55795,12,84.64,7
2014,39,310248,12,66.59,13
2015,43,64913,14,27.46,0
2016,30,391099,1,12.95,5
2017,55,206176,9,26.28,11
2018,19,97285,6,16.76,0
2019,41,89461,14,79.62,11
2020,34,111556,19,79.18,5
2021,52,1350767,8,53.24,29
2022,40,51703,16,34.65,12
2023,32,183560,4,32.62,3
2024,18,461530,18,86.84,1
2025,25,86521,4,13.49,3
2026,37,86684,19,12.3,3
2027,50,122442,9,57.12,13
2028,52,70975,15,6.39,10
2029,41,62710,15,49.39,4
2030,35,100527,7,48.83,2
2031,48,74664,6,66.57,12
2032,24,75878,16,80.7,1
2033,45,107096,13,7.04,7
2034,34,144048,10,10.34,8
2035,27,64061,5,23.83,5
2036,32,74613,3,17.16,1
2037,44,58827,4,81.59,22
2038,45,59321,5,87.26,10
2039,50,639349,4,93.44,8
2040,42,439251,10,59.11,2
2041,34,206581,10,41.2,11
2042,18,160879,15,34.59,1
2043,36,53148,3,56.09,5
2044,23,181670,5,54.61,0
2045,40,332879,19,84.05,11
2046,48,370909,1,82.89,14
2047,18,310218,6,40.02,0
2048,35,732259,17,46.1,7
2049,30,50724,11,77.77,1
2050,43,53288,7,9.06,3
2051,21,96629,11,58.24,0
2052,47,98379,13,29.73,8
2053,37,113579,2,75.73,13
2054,27,72247,8,99.94,5
2055,38,63494,9,15.15,12
2056,43,61507,1,84.57,9
2057,29,89280,2,50.77,4
2058,34,81176,10,85.72,12
2059,28,88899,9,44.24,0
2060,37,51814,10,34.28,8
2061,22,308302,2,5.98,0
2062,41,65611,6,13.28,0
2063,25,81060,4,91.6,0
2064,45,90929,5,45.83,17
2065,28,88759,9,22.9,2
2066,39,94654,13,49.82,10
2067,33,50070,16,99.71,9
2068,33,80128,20,15.01,2
2069,30,9197410,18,58.68,3
2070,21,170138,5,21.05,1
2071,21,56637,9,30.51,0
2072,27,342490,12,51.99,0
2073,38,66536,14,16.15,1
2074,34,74448,17,12.8,9
2075,39,320393,19,38.5,16
2076,42,54813,1,39.77,4
2077,21,247896,13,8.47,1
2078,39,84051,1,2.48,6
2079,18,88633,9,87.65,0
2080,42,413697,9,46.13,15
2081,33,53525,20,0.57,7
2082,43,72107,11,90.43,4
2083,49,77189,17,6.95,8
2084,56,202901,16,9.74,30
2085,47,484716,11,99.72,18
2086,35,85623,19,5.17,5
2087,39,52403,2,3.69,12
2088,42,63216,5,41.94,17
2089,46,69301,9,12.61,18
2090,39,353299,15,72.37,13
2091,22,215962,7,24.37,1
2092,26,55109,13,9.64,1
2093,31,53474,11,16.61,6
2094,49,132869,2,63.22,21
2095,26,54949,19,3.69,2
2096,49,211170,1,94.01,15
2097,54,351471,8,60.21,17
2098,41,826836,5,24.8,1
2099,26,122317,12,12.98,4
2100,46,75702,7,7.0,2
2101,24,69291,20,30.41,2
2102,27,127997,4,0.89,1
2103,39,363004,18,94.08,11
2104,44,95568,16,50.72,4
2105,44,65759,19,97.26,21
2106,37,204784,20,14.96,7
2107,25,149802,1,28.5,2
2108,47,111173,20,3.73,7
2109,39,51454,15,84.1,4
2110,38,228450,4,79.31,10
2111,39,52742,18,1.24,1
2112,41,91750,1,28.75,8
2113,28,617181,15,21.79,5
2114,43,59662,1,7.1,18
2115,36,113724,8,89.97,7
2116,18,81923,5,27.61,0
2117,49,194582,14,79.5,2
2118,31,63987,6,50.66,2
2119,29,370173,12,73.33,5
2120,50,192691,3,86.74,7
2121,49,54206,14,30.45,10
2122,33,209245,15,93.19,4
2123,43,80053,10,4.08,8
2124,28,147759,19,91.13,6
2125,38,94337,9,96.03,5
2126,43,79591,14,57.08,1
2127,44,69595,19,37.98,13
2128,41,69860,7,53.46,17
2129,44,119303,12,97.51,3
2130,47,4315087,16,15.69,13
2131,24,170989,2,24.09,2
2132,34,114208,15,38.4,7
2133,40,1359082,17,46.53,2
2134,53,454102,15,74.83,22
2135,19,863307,7,25.6,1
2136,36,750735,19,13.27,2
2137,40,257486,19,96.6,11
2138,31,333624,2,86.0,2
2139,28,82754,2,3.02,3
2140,32,235826,19,28.68,9
2141,36,137823,19,46.89,7
2142,47,78780,10,80.12,13
2143,36,144073,13,25.46,13
2144,21,179501,4,42.78,1
2145,44,153111,4,28.09,8
2146,35,4456322,8,13.98,12
2147,30,55550,9,23.34,3
2148,25,64991,16,29.84,3
2149,34,80709,18,81.25,6
2150,33,199832,1,73.92,7
2151,18,86963,8,44.26,1
2152,28,282100,7,86.39,0
2153,42,530279,17,38.8,3
2154,43,79956,4,5.93,6
2155,30,235166,7,69.61,4
2156,24,152829,17,2.44,2
2157,32,298066,1,20.12,7
2158,41,55663,8,44.89,7
2159,44,95107,2,96.63,10
2160,33,71045,14,27.8,6
2161,45,226581,5,10.38,9
2162,38,234328,2,63.49,1
2163,29,168395,16,24.49,0
2164,30,163458,11,50.85,8
2165,28,131252,1,29.97,5
2166,43,590390,17,11.43,0
2167,28,176634,14,94.23,5
2168,31,662452,6,91.39,0
2169,34,677674,7,33.0,8
2170,23,1612917,6,26.82,1
2171,29,110146,3,80.18,0
2172,37,584403,14,33.2,10
2173,18,107806,18,72.16,1
2174,39,62720,10,68.97,0
2175,26,102797,4,67.23,2
2176,49,56605,1,9.32,22
2177,31,222055,2,53.8,9
2178,29,50612,1,58.24,2
2179,48,92896,9,67.45,6
2180,34,96436,10,52.98,8
2181,34,58512,9,15.67,1
2182,25,69666,7,23.85,1
2183,39,63093,16,5.49,0
2184,19,149333,3,45.68,1
2185,41,163917,16,64.73,3
2186,29,293514,7,7.24,7
2187,26,113385,16,67.22,2
2188,50,1271356,15,25.29,13
2189,38,85514,3,98.04,0
2190,42,151431,5,98.09,16
2191,50,94049,2,17.6,23
2192,37,65165310,5,74.24,9
2193,48,77413,4,49.89,20
2194,48,81768,7,6.12,25
2195,24,460688,16,56.63,1
2196,47,164700,15,17.83,25
2197,35,218078,13,48.89,4
2198,18,105953,14,80.95,1
2199,28,294302,12,24.66,4
2200,37,197833,8,90.97,14
2201,32,60109,11,48.12,1
2202,25,52488,8,69.6,0
2203,50,59586,4,72.82,5
2204,35,288419,13,94.74,3
2205,40,82575,2,87.01,13
2206,29,50028,10,13.42,1
2207,38,63070,11,98.7,14
2208,59,161216,17,63.62,33
2209,18,55487,16,99.5,1
2210,40,75506,3,17.8,3
2211,50,96333,3,29.36,27
2212,47,663882,18,3.25,15
2213,34,118102,3,56.05,6
2214,38,117088,17,29.7,0
2215,30,80664,10,48.15,6
2216,49,59647,12,63.02,24
2217,26,51379,5,46.18,3
2218,36,699508,14,46.37,11
2219,45,74636,2,36.22,21
2220,43,90425,17,49.67,7
2221,28,157249,12,61.63,4
2222,40,98572,2,10.57,1
2223,20,362854,16,68.28,0
2224,30,61642,3,13.06,5
2225,33,171957,8,70.26,1
2226,54,59761,10,21.39,1
2227,40,51136,2,60.59,10
2228,44,50495,17,28.02,12
2229,35,107393,17,60.67,12
2230,39,56641,6,58.28,16
2231,18,71057,9,8.3,1
2232,31,129771,12,10.18,6
2233,39,252440,12,17.04,9
2234,41,81762,5,38.18,16
2235,23,446795,4,66.87,1
2236,34,285531,19,6.6,12
2237,42,60832,7,14.75,20
2238,19,615115,10,16.37,1
2239,44,259109,12,3.08,10
2240,38,115407,4,21.82,8
2241,30,444583,11,76.58,1
2242,37,72842,9,64.03,15
2243,29,88094,11,93.5,1
2244,19,51480,3,69.56,0
2245,27,83773,20,91.79,0
2246,51,69164,3,68.6,25
2247,41,96284,5,45.24,15
2248,27,53382,8,71.07,5
2249,47,66064,10,42.44,1
2250,36,68289,4,73.71,1
2251,52,65145,11,55.72,17
2252,30,364522,19,29.76,6
2253,24,113210,19,85.95,2
2254,34,320475,15,13.1,11
2255,55,122470,4,30.16,30
2256,32,335206,5,74.9,5
2257,36,198542,1,72.84,9
2258,37,185899,3,44.68,4
2259,33,328774,11,39.2,8
2260,39,50605,17,53.83,13
2261,42,74036,6,67.52,8
2262,42,53853,8,16.96,10
2263,30,56490,9,34.03,2
2264,49,57714,16,88.12,8
2265,42,89345,3,61.62,16
2266,36,109213,7,7.78,10
2267,40,164092,8,80.85,5
2268,25,107234,14,51.04,1
2269,45,83358,5,18.04,23
2270,20,87458,10,51.56,1
2271,46,70491,12,8.7,14
2272,39,54927,8,8.74,13
2273,21,892551,17,60.29,0
2274,42,189123,4,28.53,14
2275,26,70944,12,95.42,3
2276,27,199166,12,68.98,3
2277,39,245509,20,79.53,12
2278,38,260578,18,15.43,8
2279,31,245202,14,70.61,8
2280,33,220839,20,13.17,4
2281,34,175981,7,23.35,8
2282,47,147004,8,30.62,12
2283,35,74061,11,93.46,12
2284,47,171546,3,71.89,18
2285,42,63234,6,16.87,11
2286,25,117162,9,70.78,2
2287,18,3039716,14,99.78,1
2288,24,220039,11,77.95,1
2289,18,138954,8,85.08,1
2290,31,132892,17,0.53,9
2291,28,88008,10,69.18,4
2292,24,60530,2,50.13,1
2293,48,152655,14,68.91,23
2294,41,64028,9,76.79,5
2295,39,136857,4,88.33,7
2296,32,64461,20,47.0,5
2297,36,283465,1,3.03,7
2298,34,97147,15,6.0,5
2299,24,58255,8,57.02,2
2300,37,183941,1,26.24,1
2301,42,244230,10,62.21,16
2302,26,156929,2,75.11,2
2303,27,56537,17,85.65,0
2304,19,70870,11,32.69,0
2305,40,60761,12,96.64,9
2306,48,50282,18,26.44,24
2307,42,128957,1,79.85,2
2308,37,53549,9,84.1,15
2309,37,53864,3,32.69,1
2310,30,349156,6,53.59,0
2311,29,59101,11,40.57,4
2312,36,345145,10,95.31,6
2313,26,188038,10,6.43,0
2314,39,74072,15,86.41,16
2315,30,172792,12,81.5,3
2316,54,233341,8,84.9,11
2317,33,290067,20,89.53,5
2318,34,65723,18,94.43,8
2319,34,72109,20,41.62,1
2320,27,51131,8,94.45,1
2321,36,128733,15,70.79,10
2322,45,118770,14,73.77,8
2323,31,66346,6,52.48,2
2324,41,75741,5,68.26,18
2325,38,55759,6,41.93,15
2326,34,59640,5,69.63,10
2327,38,97796,3,94.34,2
2328,29,147014,17,95.77,2
2329,21,73898,8,94.05,1
2330,27,98634,19,10.31,4
2331,37,153619,2,0.65,11
2332,26,51563,12,19.72,1
2333,44,1270692,5,84.41,3
2334,35,76691,13,13.99,0
2335,18,487493,7,42.91,0
2336,56,173349,9,94.79,10
2337,48,137768,14,42.23,22
2338,36,79199,19,57.73,4
2339,38,97740,12,23.69,14
2340,45,337016,4,42.29,2
2341,40,143172,9,31.62,4
2342,57,95819,2,56.73,14
2343,43,74939,9,52.72,8
2344,35,57442,2,46.55,8
2345,50,330520,20,26.12,13
2346,21,76713,17,17.01,1
2347,18,352352,12,51.12,0
2348,28,75328,12,13.18,0
2349,21,205112,1,32.93,0
2350,51,556799,7,82.35,24
2351,42,616968,8,60.32,1
2352,34,54109,1,76.85,0
2353,25,59338,13,42.61,3
2354,27,52140,3,91.9,1
2355,49,69340,10,68.2,9
2356,37,65312,10,69.02,7
2357,32,3285678,8,75.64,8
2358,40,67244,12,82.49,12
2359,43,60964,15,74.16,0
2360,20,93026,10,76.93,0
2361,29,61086,16,86.33,1
2362,42,58957,8,62.78,11
2363,37,366517,20,81.96,12
2364,50,163499,5,38.82,14
2365,38,77902,8,4.14,0
2366,31,90299,18,76.61,6
2367,39,178934,20,52.68,15
2368,36,82039,2,75.54,13
2369,18,115534,16,61.39,1
2370,29,52890,5,78.23,4
2371,52,93961,13,21.23,15
2372,29,55961,6,28.48,4
2373,28,110249,14,26.57,4
2374,34,116302,10,17.7,10
2375,22,52260,5,88.59,1
2376,49,148200,3,90.0,8
2377,33,422537,9,49.76,4
2378,22,243396,16,31.19,1
2379,62,102657,19,10.55,26
2380,49,64745,5,36.82,7
2381,52,338325,3,6.48,11
2382,46,72722,8,70.04,18
2383,19,226117,13,35.92,1
2384,42,405219,18,85.12,2
2385,28,62517,19,54.95,5
2386,35,380640,20,7.25,3
2387,36,138657,16,60.63,4
2388,36,439695,2,61.19,8
2389,46,69600,1,91.4,4
2390,31,78705,19,9.22,6
2391,30,217060,1,53.33,4
2392,28,804573,9,5.33,0
2393,52,84195,20,71.28,29
2394,25,55913,19,95.93,3
2395,21,237117,11,24.82,0
2396,44,1502807,11,61.26,19
2397,31,92647,8,51.54,2
2398,36,323599,19,99.54,8
2399,21,94253,19,7.53,1
2400,39,366005,13,69.85,1
2401,39,62105,3,54.34,6
2402,35,64757,2,68.42,8
2403,38,156873,16,1.6,0
2404,34,858901,5,17.93,8
2405,53,455967,3,47.26,19
2406,39,89646,7,36.33,6
2407,36,120036,17,18.89,0
2408,42,1287729,18,91.18,15
2409,36,50655,15,85.76,8
2410,48,106081,18,35.54,22
2411,28,131446,5,33.11,6
2412,41,52720,3,13.06,17
2413,29,57596,8,4.3,5
2414,47,110348,12,82.5,5
2415,26,81694,12,28.96,0
2416,29,65254,15,37.25,0
2417,41,81467,11,52.01,8
2418,21,61101,6,65.86,0
2419,30,76887,14,50.06,2
2420,44,5743610,20,52.11,9
2421,18,94618,9,39.56,0
2422,18,73640,5,35.4,0
2423,26,98749,3,24.56,1
2424,31,3438173,6,58.03,5
2425,57,331949,4,98.69,29
2426,41,164701,13,8.2,18
2427,31,50713,8,36.94,4
2428,31,68327,4,28.98,7
2429,39,141248,13,86.62,3
2430,28,51811,19,65.92,2
2431,29,67687,13,38.41,7
2432,18,66100,5,11.41,1
2433,26,2802537,15,14.38,4
2434,48,652335,1,56.62,20
2435,36,66745,10,63.4,7
2436,32,369864,14,49.65,9
2437,19,61625,20,74.45,1
2438,34,97277,2,31.86,1
2439,33,84299,17,31.21,6
2440,28,93210,8,53.74,4
2441,43,119993,19,30.56,10
2442,45,303949,11,58.01,11
2443,33,52557,5,7.63,8
2444,22,61886,12,95.55,0
2445,26,123201,3,74.73,1
2446,31,50574,2,9.8,8
2447,33,727109,18,25.27,9
2448,31,55776,14,42.26,1
2449,30,101179,11,87.56,2
2450,18,7166564,15,14.49,0
2451,25,52745,17,90.15,0
2452,38,275315,3,76.72,14
2453,22,115847,7,38.39,0
2454,30,174969,19,55.16,5
2455,40,418201,16,45.85,0
2456,35,61309,13,22.82,3
2457,37,70265,1,95.65,13
2458,33,54182,17,70.55,3
2459,40,67813,20,29.46,7
2460,39,265339,12,47.3,9
2461,32,840639,8,63.86,10
2462,38,115928,12,57.26,13
2463,36,3821798,10,37.5,2
2464,25,123137,17,91.5,1
2465,18,78205,10,15.65,0
2466,40,60849,10,42.75,6
2467,43,60884,2,82.74,7
2468,52,50465,13,73.25,15
2469,37,152430,12,64.71,12
2470,43,87870,1,87.12,17
2471,31,57792,9,83.65,4
2472,29,60187,1,46.0,7
2473,45,1005153,7,79.59,3
2474,23,56360,15,90.3,1
2475,25,74457,17,85.13,3
2476,45,111430,2,28.01,4
2477,18,104064,2,59.43,0
2478,41,181398,18,12.22,8
2479,48,6059353,16,75.42,2
2480,36,508387,15,35.28,10
2481,48,65899,7,63.45,2
2482,51,71029,10,7.9,5
2483,27,179886,7,95.54,0
2484,28,67013,12,49.38,3
2485,40,432630,15,12.78,9
2486,33,50554,20,11.88,7
2487,54,5603064,20,45.08,9
2488,48,157039,7,3.95,1
2489,24,56762,7,69.0,0
2490,42,89210,3,90.19,8
2491,52,582996,18,15.57,15
2492,32,60085,18,47.01,3
2493,18,3623150,14,67.19,1
2494,35,65535,20,51.13,11
2495,59,4536322,6,2.04,12
2496,18,430260,20,35.77,0
2497,43,97457,2,85.56,13
2498,31,717908,3,81.45,8
2499,33,68401,8,84.89,9
2500,45,59789,13,2.88,9
2501,18,60021,14,62.84,0
2502,49,150030,10,17.92,17
2503,32,53758,2,26.8,1
2504,28,116924,1,26.08,5
2505,36,85345,10,14.93,3
2506,22,185355,4,80.91,0
2507,23,52662,7,25.62,1
2508,37,51601,20,4.44,12
2509,36,58788,15,72.27,0
2510,26,76223,19,22.18,0
2511,34,69256,14,27.68,7
2512,27,54510,5,37.41,4
2513,29,220180,12,13.2,6
2514,30,355181,1,1.31,1
2515,34,1645331,16,17.76,4
2516,40,9298327,11,1.89,6
2517,31,114426,8,89.39,9
2518,45,58644,6,1.82,23
2519,38,483043,1,39.52,5
2520,40,162729,16,63.87,1
2521,24,482598,12,0.18,0
2522,51,93744,13,14.99,23
2523,22,104418,16,58.0,1
2524,49,52752,8,32.44,1
2525,46,103683,18,28.04,7
2526,38,72944,6,69.46,2
2527,35,2368971,6,87.22,6
2528,44,88449,12,66.1,2
2529,34,55999,17,66.41,8
2530,32,57216,9,49.67,0
2531,40,741096,6,66.84,8
2532,35,57875,3,7.93,13
2533,43,56850,5,47.67,13
2534,36,70547,20,86.27,11
2535,21,288222,13,6.6,1
2536,45,169349,10,36.89,10
2537,54,106737,2,73.05,18
2538,25,7270179,18,59.05,2
2539,24,53304,19,88.14,0
2540,31,143469,9,52.29,1
2541,36,386031,1,85.73,3
2542,46,357426,13,80.97,19
2543,33,52261,8,30.65,0
2544,28,62795,8,83.63,2
2545,38,262852,15,19.5,4
2546,37,349519,8,41.28,12
2547,27,210644,18,71.85,4
2548,33,199279,9,82.01,1
2549,52,100795,12,90.62,13
2550,21,108843,6,57.65,0
2551,44,1768502,18,19.67,0
2552,40,65163,8,16.46,16
2553,23,77168,5,48.4,0
2554,19,85037,17,62.9,0
2555,50,125025,5,15.37,5
2556,43,78628,20,28.56,9
2557,23,101692,7,46.09,0
2558,29,71995,11,7.62,2
2559,35,78623,8,93.74,0
2560,18,165823,5,33.76,1
2561,34,185508,13,32.46,0
2562,45,54206,15,76.11,3
2563,45,115414,17,84.37,13
2564,31,91556,6,62.91,2
2565,42,56616,13,66.2,10
2566,22,234022,17,5.53,1
2567,30,129061,15,62.82,5
2568,32,81437,9,51.31,9
2569,29,256476,4,20.27,4
2570,46,81393,17,36.54,24
2571,39,64788,3,50.07,12
2572,51,2104816,10,60.29,0
2573,22,472574,16,5.6,1
2574,41,55466,20,64.23,7
2575,51,57730,5,71.7,20
2576,21,82369,7,0.62,1
2577,23,323327,2,96.9,1
2578,33,287913,6,80.74,8
2579,50,53044,13,72.68,25
2580,35,2627354,10,89.76,12
2581,41,103182,18,11.45,3
2582,48,150723,12,15.97,8
2583,37,152688,17,6.84,1
2584,33,51422,1,41.43,5
2585,36,126187,17,78.96,2
2586,22,56430,13,39.17,1
2587,38,93826,19,22.92,5
2588,25,2479574,5,90.21,2
2589,41,65653,12,58.95,6
2590,29,118561,11,6.11,0
2591,29,61880,10,34.06,2
2592,30,71633,15,13.61,2
2593,39,291407,17,37.77,15
2594,31,359421,11,37.21,9
2595,18,86775,7,61.54,1
2596,30,77345,8,55.54,8
2597,32,125875,6,28.87,3
2598,18,124788,13,99.39,1
2599,39,135735,3,64.56,14
2600,27,60017,7,58.72,1
2601,45,52262,19,19.03,17
2602,39,124311,9,6.79,9
2603,61,127753,14,97.16,4
2604,21,53134,2,30.87,0
2605,19,223195,13,53.18,0
2606,42,58662,9,53.19,17
2607,31,160130,2,33.39,7
2608,23,3501674,1,77.2,0
2609,35,514134,5,26.07,3
2610,31,79475,19,65.25,4
2611,22,116832,18,6.29,1
2612,45,62339,10,36.24,4
2613,28,50612,2,22.09,1
2614,43,74795,11,16.34,0
2615,67,236472,3,80.19,5
2616,18,1007450,12,24.48,0
2617,18,64164,16,1.79,0
2618,40,69519,14,29.0,17
2619,18,72230,19,96.31,0
2620,21,133067,14,71.29,1
2621,33,73598,14,37.81,11
2622,23,55631,16,85.52,0
2623,33,188863,4,15.96,8
2624,38,201941,11,4.14,12
2625,38,56818,9,34.12,7
2626,30,57639,9,23.39,8
2627,29,51479,18,79.63,0
2628,33,52606,10,88.38,2
2629,37,61710,13,3.23,9
2630,18,879483,7,78.79,1
2631,18,113334,20,51.4,0
2632,39,70869,20,7.08,3
2633,34,208947,1,89.45,10
2634,35,109288,1,43.88,1
2635,51,161917,15,8.23,21
2636,37,365643,15,19.58,5
2637,32,76322,19,34.0,4
2638,23,65643,18,72.33,1
2639,28,144502,1,86.45,0
2640,47,63220,2,18.36,3
2641,31,68034,18,17.83,7
2642,43,157782,20,87.8,7
2643,26,199144,9,28.66,3
2644,19,159592,17,93.18,0
2645,22,284066,2,88.8,1
2646,33,965796,15,89.58,11
2647,37,67001,15,79.21,0
2648,32,56769,13,56.6,6
2649,50,88345,12,51.46,5
2650,29,59990,19,93.88,5
2651,33,280633,20,85.94,8
2652,31,83695,17,67.63,6
2653,34,274827,7,51.62,6
2654,37,71346,17,67.63,1
2655,35,203611,16,8.18,6
2656,26,239457,20,56.88,4
2657,39,85150,5,29.45,17
2658,57,82339,3,95.71,28
2659,49,447801,17,84.01,18
2660,45,418997,4,85.27,18
2661,39,74559,7,98.92,6
2662,45,76215,15,73.87,0
2663,44,107854,19,68.37,22
2664,44,56846,15,52.14,15
2665,42,221429,3,3.27,8
2666,49,90036,11,41.24,7
2667,43,362003,4,53.78,10
2668,44,85005,5,49.86,6
2669,39,78429,11,35.56,9
2670,46,62607,2,29.06,13
2671,21,52919,20,95.72,0
2672,53,109291,4,37.67,19
2673,42,62036,19,88.68,18
2674,33,76620,1,60.83,2
2675,32,182116,5,67.62,2
2676,31,2532036,9,16.83,6
2677,47,73812,5,89.6,24
2678,36,64266,2,73.39,3
2679,47,51312,9,83.95,17
2680,44,77779,16,37.28,21
2681,49,175465,16,56.09,0
2682,35,73988,4,64.59,9
2683,46,96730,5,6.01,10
2684,39,1215027,10,1.55,7
2685,39,507736,13,16.14,7
2686,47,53010,17,70.2,5
2687,39,71466,2,59.52,7
2688,24,124221,10,72.23,2
2689,45,97822,4,3.82,15
2690,30,620994,14,1.68,4
2691,57,591387,2,52.13,0
2692,42,83635,9,0.4,2
2693,20,58736,3,34.75,1
2694,23,166435,5,7.03,1
2695,30,68912,13,54.5,7
2696,35,132265,11,83.31,6
2697,40,1437579,8,33.59,3
2698,52,50296,7,66.97,19
2699,18,53644,5,71.9,0
2700,21,428072,3,32.83,1
2701,35,106026,20,35.75,11
2702,18,143295,10,65.87,0
2703,41,152828,8,15.32,3
2704,43,303928,13,4.05,20
2705,23,56000,16,14.84,0
2706,41,124003,14,90.05,17
2707,32,79789,19,39.42,8
2708,25,95197,8,99.89,2
2709,38,136024,17,81.56,5
2710,45,89827,17,89.84,3
2711,37,137811,9,33.6,11
2712,31,93245,12,95.77,1
2713,50,1186854,4,62.3,2
2714,48,53218,17,22.68,17
2715,27,138217,20,64.18,5
2716,28,185166,5,42.32,0
2717,43,485576,20,87.53,3
2718,53,1127265,12,82.26,9
2719,35,172213,2,72.58,7
2720,29,60247,15,72.69,0
2721,37,84044,19,9.23,14
2722,46,138649,18,8.42,10
2723,40,434201,1,15.13,17
2724,28,55198,7,44.59,2
2725,38,303235,2,13.25,14
2726,34,81345,1,6.35,7
2727,35,332650,20,69.62,0
2728,63,140623,3,62.64,19
2729,50,141393,10,23.23,21
2730,39,123132,20,13.78,9
2731,36,1409680,4,14.7,3
2732,31,189028,8,56.42,4
2733,42,159314,15,58.57,16
2734,19,109477,3,11.01,1
2735,27,566818,5,18.74,2
2736,52,74164,12,81.44,9
2737,24,65977,10,31.15,0
2738,38,193520,1,24.27,4
2739,31,232997,5,21.53,4
2740,51,818725,11,27.11,12
2741,40,105821,12,32.49,15
2742,23,184340,16,81.58,1
2743,32,108824,11,56.66,4
2744,48,67103,1,10.86,25
2745,30,75810,9,68.58,5
2746,39,193804,13,99.68,5
2747,31,136736,14,82.34,4
2748,44,235911,15,23.51,16
2749,37,447403,2,51.04,10
2750,34,145380,2,42.49,1
2751,31,61941,15,56.47,6
2752,32,115109,18,31.34,9
2753,44,126366,6,94.03,8
2754,27,52298,8,76.73,5
2755,36,90151,4,84.27,1
2756,53,160696,1,19.47,0
2757,35,186032,15,62.74,10
2758,20,80048,19,62.33,1
2759,31,73132,14,13.18,0
2760,43,278400,20,41.27,15
2761,45,80388,2,69.8,20
2762,38,50968,4,45.45,0
2763,48,798194,7,51.21,25
2764,44,177037,13,44.45,6
2765,22,334264,8,63.1,1
2766,40,55638,20,42.94,17
2767,54,79662,10,77.92,32
2768,41,980305,8,94.64,5
2769,32,138428,4,64.83,9
2770,37,84205,8,0.66,0
2771,28,51992,18,42.52,6
2772,35,190469,20,42.77,9
2773,43,88145,1,31.95,5
2774,36,90735,8,36.46,8
2775,42,104192,4,12.83,20
2776,42,105959,18,51.48,3
2777,33,147145,10,86.76,10
2778,36,50058,19,56.72,0
2779,38,353685,2,29.6,2
2780,28,51047,5,1.08,2
2781,25,54306,13,20.66,3
2782,32,643766,14,76.3,1
2783,34,50361,20,23.02,4
2784,19,1294912,9,98.05,1
2785,40,258767,15,37.4,8
2786,27,121674,20,19.91,5
2787,26,79407,5,87.29,1
2788,52,76298,14,39.93,29
2789,20,223935,14,53.43,1
2790,28,57026,11,60.45,2
2791,24,163911,19,39.22,1
2792,46,71635,16,88.22,6
2793,22,64855,6,93.46,0
2794,32,361490,19,13.67,0
2795,39,91046,1,55.58,8
2796,34,131322,3,30.5,11
2797,29,1870341,16,62.57,7
2798,21,54284,20,58.27,1
2799,45,253302,19,23.62,2
2800,38,25703586,20,85.09,14
2801,43,232411,5,67.53,15
2802,35,138528,6,48.0,13
2803,46,71042,2,86.74,7
2804,34,57181,9,47.27,9
2805,42,2539866,18,1.88,0
2806,42,70712,18,34.25,5
2807,36,57253,18,67.11,6
2808,21,98220,17,28.55,1
2809,49,2919367,12,54.22,12
2810,43,57201,19,63.66,17
2811,33,51527,6,91.06,3
2812,48,110241,1,83.7,21
2813,50,832589,7,13.09,2
2814,42,86907,14,44.71,14
2815,20,64591,6,38.28,0
2816,54,53462,7,15.12,26
2817,18,61413,7,71.13,1
2818,44,52858,15,51.38,16
2819,22,64060,9,7.96,1
2820,42,447276,9,62.01,6
2821,32,1772537,13,20.81,0
2822,38,68448,8,25.96,0
2823,31,51960,14,18.81,2
2824,42,80956,2,96.03,20
2825,19,63318,19,14.44,1
2826,35,63595,20,56.93,11
2827,18,66207,18,2.44,1
2828,26,103783,16,36.8,0
2829,38,442831,16,92.11,15
2830,18,61411,7,35.44,0
2831,37,54300,3,4.99,10
2832,37,159872,1,62.61,12
2833,26,161586,13,6.09,3
2834,39,61847,2,51.33,10
2835,37,117101,12,66.32,0
2836,18,68678,19,3.05,1
2837,36,272967,7,46.12,2
2838,33,51778,16,41.39,4
2839,65,89374,12,68.38,41
2840,26,544948,14,67.55,3
2841,42,51864,14,97.54,1
2842,26,50125,6,95.53,3
2843,41,92214,1,24.42,3
2844,43,198148,2,87.01,13
2845,56,59018,1,44.49,14
2846,27,57782,12,37.67,2
2847,23,66175,19,71.5,0
2848,23,130471,17,54.09,0
2849,28,135713,1,89.14,0
2850,26,185671,5,7.31,3
2851,18,90310,8,5.21,0
2852,44,73342,2,66.65,7
2853,46,63628,20,83.58,23
2854,45,243636,10,79.85,19
2855,40,155123,1,19.32,4
2856,18,51657,10,45.78,1
2857,40,134494,2,28.2,10
2858,31,107651,16,39.12,7
2859,21,57786,8,1.88,0
2860,34,256540,20,33.4,6
2861,33,3863289,16,52.87,11
2862,18,145475,6,17.69,0
2863,56,130581,7,64.17,4
2864,45,335432,20,58.07,2
2865,24,66703,14,90.95,2
2866,34,444781,8,59.23,9
2867,43,245734,12,81.98,21
2868,31,460532,16,79.55,4
2869,47,62617,14,27.62,11
2870,47,100503,3,73.52,13
2871,46,6808329,14,94.28,1
2872,47,71997,11,35.29,17
2873,31,678127,11,84.9,0
2874,34,81577,2,69.61,9
2875,33,298836,15,98.53,1
2876,31,59849,6,55.28,5
2877,34,165158,4,41.21,10
2878,39,110391,8,49.02,7
2879,23,143490,7,51.23,0
2880,27,360882,7,66.96,5
2881,34,94555,3,36.0,12
2882,38,189859,13,28.53,5
2883,23,221385,11,51.84,1
2884,26,57361,1,64.76,4
2885,35,99876,6,37.87,12
2886,20,201673,20,23.03,1
2887,49,76359,6,49.27,14
2888,34,121497,11,53.58,0
2889,27,50870,14,52.68,4
2890,44,157391,7,86.41,8
2891,46,51886,13,11.34,1
2892,38,53015,11,52.97,13
2893,18,83260,11,30.35,0
2894,41,51181,12,70.82,11
2895,25,68453,9,35.16,2
2896,35,99962,2,81.73,10
2897,27,109446,13,23.25,0
2898,28,381908,13,52.23,2
2899,37,81268,3,57.07,3
2900,31,177651,5,48.3,5
2901,34,224948,9,54.85,12
2902,33,61485,1,55.47,5
2903,33,101282,18,41.57,1
2904,46,272121,13,54.43,24
2905,33,57130,12,74.28,9
2906,35,82892,7,4.86,6
2907,40,60702,13,78.56,18
2908,21,57307,6,61.13,1
2909,40,647984,15,28.23,16
2910,36,81329,5,9.43,12
2911,20,292672,3,39.59,1
2912,40,130117,12,78.3,17
2913,44,153043,14,54.57,11
2914,37,2201233,14,39.21,4
2915,47,54113,14,94.84,25
2916,40,58886,1,79.55,16
2917,32,101398,20,1.25,10
2918,25,87675,19,9.23,2
2919,18,206356,17,24.25,0
2920,49,192460,20,83.63,27
2921,37,356372,10,91.57,12
2922,40,116967,9,2.97,5
2923,26,79157,13,81.41,3
2924,34,97080,12,64.5,4
2925,48,339635,1,69.52,2
2926,48,201794,15,12.53,19
2927,54,153641,13,74.23,9
2928,52,54763,16,48.78,24
2929,68,3611256,3,14.32,32
2930,23,50765,17,54.88,0
2931,23,124786,10,49.08,0
2932,52,590287,16,27.96,3
2933,27,180701,14,84.78,0
2934,42,219710,18,6.95,2
2935,31,309447,16,61.42,0
2936,55,137136,11,88.11,27
2937,30,236388,16,54.56,2
2938,41,71851,12,62.25,6
2939,55,67348,16,31.92,28
2940,23,182020,15,27.9,1
2941,30,169961,11,37.08,3
2942,37,59243,19,19.25,14
2943,44,88955,2,59.3,22
2944,37,261683,1,73.77,12
2945,33,50592,17,86.68,7
2946,27,306777,7,99.75,1
2947,35,54763,10,69.86,8
2948,29,51486,12,89.95,5
2949,22,83689,19,51.52,0
2950,42,293950,1,86.77,14
2951,22,113796,6,22.51,0
2952,22,298514,7,40.85,1
2953,41,50606,15,77.73,8
2954,31,60290,10,28.79,0
2955,33,879474,14,33.55,9
2956,33,116536,16,66.55,8
2957,35,92715,12,66.78,11
2958,35,109646,18,85.72,5
2959,27,53368,11,85.34,4
2960,37,332214,6,98.11,7
2961,36,54083,10,14.98,10
2962,40,89100,3,78.46,18
2963,18,523130,5,1.15,1
2964,48,71146,2,42.13,10
2965,48,140500,13,11.44,16
2966,41,339317,12,45.15,14
2967,33,63093,5,46.76,10
2968,38,60572,7,59.54,0
2969,28,57829,11,54.57,1
2970,18,139248,1,74.03,0
2971,23,99053,18,47.43,0
2972,50,118343,12,19.82,0
2973,47,74823,7,81.19,7
2974,43,112446,1,97.12,20
2975,50,65065,20,95.18,0
2976,43,177704,12,58.09,19
2977,41,107156,20,15.9,0
2978,45,58429,15,94.21,0
2979,33,119287,15,3.5,0
2980,36,167291,12,84.48,13
2981,32,71914,11,96.51,7
2982,27,124713,4,96.79,3
2983,41,250775,14,63.65,6
2984,50,51443,18,51.35,6
2985,28,211862,8,53.12,1
2986,35,255047,9,52.82,5
2987,37,1200780,15,7.27,11
2988,38,17053814,16,65.51,4
2989,40,156397,18,42.81,13
2990,60,137943,20,22.56,21
2991,40,73463,15,64.78,16
2992,32,129562,8,52.03,7
2993,51,115624,8,36.58,10
2994,36,81185,3,92.68,9
2995,43,141048,2,47.48,9
2996,45,142758,7,14.35,3
2997,44,60872,16,17.14,4
2998,20,181513,1,28.54,1
2999,22,72314,7,71.17,1
3000,48,274690,1,98.84,7
3001,35,150922,16,94.45,3
3002,18,53377,1,46.63,0
3003,40,50684,20,32.21,4
3004,27,280673,15,9.92,2
3005,46,53197,20,76.31,3
3006,31,163172,13,35.86,9
3007,34,75205,7,5.66,6
3008,37,73068,18,95.77,8
3009,39,148985,18,66.47,17
3010,43,334148,3,46.61,1
3011,41,1023281,15,54.23,11
3012,37,85703,3,3.11,12
3013,32,178843,2,90.26,4
3014,58,65216,20,99.12,13
3015,23,50738,17,46.57,0
3016,25,65077,11,89.44,3
3017,33,52485,4,95.46,11
3018,18,51675,7,3.56,0
3019,40,76508,5,42.74,0
3020,39,834132,3,45.24,11
3021,33,51221,8,25.54,11
3022,40,208037,7,45.99,8
3023,27,166295,12,96.27,3
3024,18,64767,14,60.54,1
3025,30,50258,13,54.77,7
3026,27,128627,4,44.51,3
3027,44,97369,8,22.38,0
3028,18,99053,5,55.14,1
3029,36,63261,4,33.71,13
3030,24,215719,4,17.75,0
3031,37,55656,14,39.09,3
3032,21,117478,12,90.97,1
3033,31,94273,18,75.29,6
3034,31,56809,11,7.74,8
3035,57,82316,8,39.5,21
3036,35,933683,5,77.6,10
3037,52,152056,10,5.96,26
3038,27,82406,9,98.97,5
3039,32,74583,10,38.1,7
3040,31,98745,17,14.18,3
3041,32,204336,12,5.71,3
3042,48,51994,9,58.2,13
3043,18,100728,13,20.99,0
3044,36,154636,10,22.17,2
3045,35,76523,2,73.71,3
3046,18,154202,15,39.65,1
3047,35,94311,14,97.7,11
3048,25,57851,5,44.03,1
3049,51,147235,18,35.05,1
3050,39,89901,13,34.82,0
3051,29,901519,2,54.55,4
3052,42,127079,14,57.26,15
3053,36,456627,5,72.89,14
3054,35,428625,2,4.91,13
3055,31,230231,7,95.96,0
3056,23,93333,2,63.23,0
3057,30,93759,18,46.36,0
3058,23,259380,13,95.78,0
3059,34,54226,18,73.52,9
3060,50,164270,17,19.92,24
3061,20,50224,8,7.08,0
3062,28,59959,2,64.6,3
3063,36,256179,8,91.24,5
3064,42,53967,3,83.23,10
3065,46,226383,12,95.56,3
3066,35,62315,5,13.52,10
3067,50,61508,18,55.14,1
3068,32,119434,20,55.43,8
3069,22,104007,17,65.62,1
3070,49,55207,6,85.67,9
3071,41,86659,18,38.97,2
3072,35,155313,16,73.53,7
3073,37,53865,15,77.05,1
3074,33,148942,20,35.91,2
3075,31,59300,7,71.89,0
3076,23,165809,2,4.69,1
3077,31,103977,4,32.57,1
3078,41,304470,10,22.12,15
3079,45,300503,14,68.62,2
3080,48,3100955,15,19.91,22
3081,21,52108,5,59.69,1
3082,24,180126,17,89.83,2
3083,28,54506,14,48.84,2
3084,41,70305,20,31.82,3
3085,29,80742,5,4.66,6
3086,49,625309,8,96.28,6
3087,26,68723,6,73.7,0
3088,45,51701,14,26.36,17
3089,49,58256,5,92.23,16
3090,24,1075171,9,20.83,2
3091,27,212401,19,60.29,5
3092,37,59281,9,26.23,8
3093,18,152922,5,53.57,0
3094,43,142644,17,70.85,21
3095,44,101611,1,60.57,7
3096,36,59007,12,2.46,14
3097,40,63678,2,75.62,18
3098,40,108149,17,99.56,18
3099,45,63700,18,44.28,3
3100,28,278526,10,3.56,2
3101,29,91409,19,13.79,7
3102,41,68911,7,10.62,7
3103,37,111511,20,9.46,11
3104,37,60100,8,38.62,1
3105,21,321355,4,54.34,0
3106,38,106128,14,65.96,11
3107,29,83675,19,94.61,4
3108,55,104646,16,8.42,2
3109,37,51880,5,60.36,5
3110,35,132055,7,1.09,11
3111,39,347838,16,17.14,8
3112,31,113886,6,68.06,2
3113,37,122215,14,40.59,4
3114,41,51142,1,44.64,18
3115,32,54198,2,66.73,9
3116,22,517386,1,9.68,0
3117,19,87673,7,39.57,0
3118,43,55687,16,40.0,21
3119,33,78647,10,71.24,4
3120,30,58302,15,11.57,4
3121,28,534128,10,90.87,5
3122,36,53147,10,39.05,2
3123,25,3668612,18,41.79,1
3124,22,70019,1,6.12,1
3125,42,113692,15,18.02,18
3126,55,290348,2,32.72,21
3127,42,196660,10,59.79,17
3128,22,51748,20,74.7,1
3129,40,158620,1,80.65,12
3130,50,84129,7,11.73,11
3131,42,57636,20,60.45,2
3132,28,132071,5,49.65,5
3133,38,71805,13,78.01,1
3134,25,259660,15,96.84,1
3135,50,61169,18,53.9,16
3136,18,62416,15,31.32,1
3137,41,99497,20,44.72,15
3138,32,521428,19,88.49,9
3139,35,87565,2,56.61,0
3140,40,176393,7,1.98,14
3141,41,75226,2,44.03,18
3142,24,58510,10,57.88,0
3143,45,149779,14,17.11,20
3144,28,74965,2,80.51,0
3145,25,69314,13,45.96,2
3146,19,80845,14,48.44,0
3147,21,145955,6,9.33,0
3148,34,100299,3,49.41,3
3149,47,96072,10,80.61,1
3150,33,82646,2,98.19,2
3151,35,520060,19,5.56,2
3152,42,77345,6,40.31,12
3153,37,171519,18,97.86,2
3154,48,78921,6,77.08,8
3155,46,59415,18,42.91,9
3156,24,172335,7,87.59,2
3157,20,57439,13,90.35,0
3158,26,75082,1,22.45,4
3159,28,71191,6,13.34,3
3160,34,148557,8,42.91,1
3161,36,87811,14,44.46,11
3162,39,225704,6,84.39,6
3163,36,66754,4,85.75,0
3164,43,51350,8,26.82,17
3165,32,53667,3,32.3,4
3166,36,442370,16,47.91,6
3167,33,132848,5,46.07,2
3168,58,87999,9,62.52,1
3169,18,5013055,15,38.85,1
3170,31,1049481,3,27.29,0
3171,35,39758938,2,51.08,6
3172,19,87251,20,3.88,1
3173,18,68106,12,91.56,0
3174,26,203327,4,13.19,0
3175,35,144365,19,98.41,3
3176,39,209661,13,45.52,10
3177,47,129782,7,14.97,12
3178,30,61967,14,85.03,1
3179,32,144268,14,10.61,0
3180,37,63612,12,43.35,0
3181,30,134808,10,17.83,1
3182,47,85671,17,65.0,9
3183,36,4117328,10,87.08,13
3184,40,4007048,2,57.29,10
3185,37,61211,19,90.39,10
3186,22,1480456,2,70.69,1
3187,33,51988,11,75.86,5
3188,28,51101,10,84.06,1
3189,58,399951,18,78.25,14
3190,30,105555,5,74.32,2
3191,38,756015,4,30.76,14
3192,44,126549,16,65.84,2
3193,25,1060759,5,2.17,3
3194,26,79236,18,42.95,0
3195,30,69835,10,46.04,3
3196,18,51011,2,91.23,0
3197,57,88368,1,62.03,32
3198,33,105527,16,7.75,11
3199,29,266140,5,41.68,1
3200,41,59503,4,76.56,15
3201,34,97620,7,85.87,10
3202,35,74210,4,67.05,0
3203,36,129440,20,90.87,10
3204,42,70796,9,85.95,2
3205,35,62891,7,23.01,11
3206,31,100472,14,59.56,1
3207,46,147030,7,34.28,6
3208,41,59821,13,2.3,5
3209,29,350509,6,89.02,3
3210,29,85287,10,76.18,7
3211,26,147246,12,65.01,3
3212,43,11988826,3,49.41,5
3213,37,48954558,3,61.34,13
3214,33,167196,12,30.02,11
3215,22,2006800,4,20.61,0
3216,43,64109,11,79.62,21
3217,35,93223,12,72.17,5
3218,33,574059,19,93.46,6
3219,47,1139153,6,72.76,9
3220,32,65616,7,25.95,4
3221,53,288978,10,86.47,24
3222,43,76557,14,21.95,10
3223,41,52781,15,40.64,2
3224,29,59364,19,81.19,3
3225,49,236594,8,22.82,19
3226,43,55420,14,21.6,11
3227,39,1727896,14,16.32,1
3228,19,63413,10,71.67,0
3229,54,63393,1,93.12,31
3230,45,1159508,1,48.3,19
3231,54,663437,12,66.31,31
3232,39,222716,11,93.17,2
3233,36,77105,4,27.68,13
3234,21,68096,10,18.52,0
3235,39,99412,1,56.62,17
3236,46,52799,20,40.71,11
3237,20,1102889,3,84.44,1
3238,48,59693,10,13.34,7
3239,21,108719,3,76.56,1
3240,37,245987,4,99.83,14
3241,18,59852,8,50.94,1
3242,34,83512,16,32.78,6
3243,31,136140,4,86.49,7
3244,41,473770,7,11.83,12
3245,24,126839,8,47.13,1
3246,23,66208,20,31.29,1
3247,38,1678800,17,97.14,16
3248,46,50718,2,28.55,7
3249,34,607239,7,3.55,0
3250,39,196594,14,91.35,4
3251,25,72224,14,2.24,2
3252,27,61879,6,67.28,3
3253,48,169717,2,8.89,8
3254,22,159803,7,41.93,1
3255,48,5968868,6,88.67,14
3256,66,85762,2,47.46,33
3257,29,90154,1,24.8,5
3258,38,849165,16,94.57,14
3259,29,94174,7,6.14,3
3260,29,107957,9,75.38,2
3261,35,54318,15,62.12,2
3262,27,121259,9,55.1,4
3263,38,825821,3,4.23,9
3264,52,930599,9,89.64,16
3265,26,147977,5,37.1,3
3266,43,79972,17,87.92,1
3267,40,146558,5,45.46,0
3268,42,174771,20,77.43,15
3269,38,57958,4,84.49,11
3270,33,60434,10,71.98,1
3271,24,64837,19,77.25,2
3272,35,66756,13,57.81,12
3273,24,68885,2,24.04,1
3274,50,57231,9,49.81,13
3275,40,50096,1,33.01,14
3276,27,264150,8,88.62,1
3277,46,52661,16,96.22,9
3278,36,137366,11,76.85,4
3279,19,329849,7,61.46,0
3280,41,171113,12,30.93,16
3281,45,65890,19,70.36,15
3282,41,62324,8,86.88,18
3283,18,147825,15,77.54,0
3284,26,84928,13,46.92,4
3285,31,2422162,17,83.46,9
3286,41,55459,12,38.84,2
3287,51,80012,3,69.11,28
3288,32,119565,6,1.91,3
3289,18,57984,3,10.42,1
3290,35,1270464,9,6.63,6
3291,28,58345,6,81.04,4
3292,30,226560,1,81.54,4
3293,18,152278,10,56.18,1
3294,33,72288,16,14.31,1
3295,25,75420,4,54.66,0
3296,30,184776,5,45.79,4
3297,43,719304,14,34.92,8
3298,24,62766,10,80.74,2
3299,33,287081,1,55.02,6
3300,42,66115,9,28.97,14
3301,55,63416,4,84.05,3
3302,40,599122,18,84.51,8
3303,36,53405,17,46.71,6
3304,55,63695,16,39.04,17
3305,44,72816,8,25.06,6
3306,18,61414,15,88.9,0
3307,46,203887,12,37.55,15
3308,34,813308,14,82.85,8
3309,43,87660,3,72.61,19
3310,33,75380,11,62.21,11
3311,43,275582,12,22.31,14
3312,18,219411,13,45.72,1
3313,49,50909,18,35.45,10
3314,27,357974,3,96.83,1
3315,47,422172,16,11.31,22
3316,28,95819,7,42.93,2
3317,50,102617,18,23.71,22
3318,18,187321,10,37.62,0
3319,20,93436,20,12.25,0
3320,24,147432,3,18.77,0
3321,43,56280,5,87.59,2
3322,23,468057,20,62.01,1
3323,31,61405,14,7.83,5
3324,44,90261,9,67.64,21
3325,18,96412,14,8.35,1
3326,55,68076,15,35.98,28
3327,26,81471,10,97.06,3
3328,23,150306,3,10.06,0
3329,34,125202,18,88.57,0
3330,39,57493,10,92.96,13
3331,37,76683,2,92.38,9
3332,31,403854,4,30.09,5
3333,31,61035,2,35.73,7
3334,31,177718,3,60.92,2
3335,36,55153,17,39.32,1
3336,50,111691,6,56.26,7
3337,27,188188,13,96.46,1
3338,36,241521,7,98.25,4
3339,18,2118924,7,55.39,0
3340,31,128226,19,44.02,1
3341,35,73706,19,88.85,0
3342,37,257396,20,47.68,9
3343,30,381502,6,40.02,7
3344,25,66815,6,1.18,1
3345,38,78898,6,64.68,13
3346,35,100368,10,23.88,3
3347,27,54331,16,34.13,0
3348,49,61926,19,89.47,11
3349,55,107960,3,76.23,6
3350,25,163517,3,58.62,3
3351,27,87379,13,68.52,1
3352,18,50040,7,38.13,1
3353,18,103865,1,15.0,0
3354,43,100228,9,40.46,5
3355,47,192586,5,23.01,17
3356,42,103779,6,54.36,6
3357,39,85615,8,75.59,0
3358,39,147715,12,17.65,1
3359,23,400532,3,50.12,0
3360,43,115904,17,70.64,19
3361,27,78636,4,88.78,1
3362,43,167745,6,65.39,2
3363,25,136300,6,51.82,1
3364,38,190726,14,23.02,3
3365,39,130246,3,81.07,16
3366,29,95109,11,59.91,0
3367,39,57594,3,21.59,14
3368,31,458900,20,81.77,1
3369,18,54350,11,59.44,1
3370,34,69106,5,93.36,9
3371,28,335344,20,69.46,1
3372,24,67520,15,71.88,1
3373,20,109585,8,33.74,1
3374,34,83879,19,17.08,4
3375,47,215911,13,98.71,1
3376,40,282716,3,68.27,4
3377,41,125595,16,4.28,14
3378,37,67502,17,88.34,8
3379,35,278572,19,65.36,2
3380,31,164719,17,29.29,9
3381,39,3955995,20,92.95,12
3382,46,177759,11,20.68,0
3383,38,66725,16,53.46,12
3384,32,51870,10,9.94,5
3385,36,336650,8,59.49,12
3386,42,51570,14,91.8,19
3387,29,235648,13,69.49,7
3388,27,50183,19,20.63,3
3389,46,787692,4,5.09,5
3390,36,50171,1,30.36,1
3391,42,189810,12,27.99,16
3392,20,116498,20,32.53,0
3393,36,311199,18,88.42,12
3394,18,63908,13,49.02,1
3395,46,85975,19,7.34,5
3396,55,178449,11,52.62,24
3397,52,116219,13,98.6,16
3398,32,62258,1,84.09,0
3399,43,55154,2,58.18,2
3400,51,191228,6,40.01,0
3401,38,2018139,11,7.59,16
3402,40,254256,18,87.84,10
3403,38,192999,12,16.06,8
3404,37,52243,13,79.54,5
3405,33,708715,8,69.56,10
3406,23,435603,3,51.27,0
3407,33,75453,2,83.86,10
3408,55,91768,20,39.02,31
3409,52,52807,13,27.14,21
3410,53,168322,20,7.54,19
3411,40,403699,16,3.17,1
3412,47,50273,6,70.85,5
3413,46,108443,15,47.24,12
3414,56,123317,7,94.28,7
3415,36,176871,16,71.51,5
3416,52,100960,11,55.08,15
3417,29,105476,8,52.19,0
3418,58,51910,17,57.1,3
3419,37,74700,19,14.55,2
3420,30,155231,8,0.65,2
3421,42,209695,18,62.24,3
3422,19,71220,13,13.17,0
3423,47,59769,20,78.62,4
3424,31,53284,3,25.43,7
3425,23,50372,8,29.62,0
3426,37,50181,6,32.61,15
3427,36,70127,8,98.16,9
3428,42,66816,1,87.31,11
3429,30,480150,9,62.88,5
3430,28,496587,20,98.88,5
3431,25,88809,3,11.11,0
3432,18,141775,13,14.3,1
3433,31,67498,13,65.92,1
3434,47,125466,1,53.75,18
3435,27,128274,16,98.99,1
3436,37,52279,11,80.49,1
3437,35,75627,16,50.53,8
3438,25,60516,14,39.22,0
3439,42,249057,7,30.9,4
3440,45,1280966,4,27.98,19
3441,37,137481,19,41.34,1
3442,33,342988,3,76.85,6
3443,37,248776,7,67.76,13
3444,40,118573,2,17.39,1
3445,35,226670,2,85.6,4
3446,29,461901,19,50.3,3
3447,64,71145,14,32.84,3
3448,37,105022,3,45.21,13
3449,30,64907,2,35.06,3
3450,32,394175,17,66.05,2
3451,21,175527,14,95.14,1
3452,39,97586,4,97.5,13
3453,50,243690,17,96.58,25
3454,39,51468,9,78.05,9
3455,27,104994,4,67.04,3
3456,25,317644,11,60.17,0
3457,18,73041,20,69.79,1
3458,45,72597,17,28.95,17
3459,38,187619,15,71.3,6
3460,39,68377,12,34.26,6
3461,40,174397,6,95.63,11
3462,39,92810,19,72.16,6
3463,32,68817,15,55.46,7
3464,30,295761,16,44.1,0
3465,44,437146,19,33.58,16
3466,43,217862,14,95.47,10
3467,46,466570,11,15.13,6
3468,35,142513,2,90.29,7
3469,25,359666,12,48.07,1
3470,29,78462,11,18.71,1
3471,55,56843,1,15.66,26
3472,36,57146,2,89.99,13
3473,21,62730,17,96.69,0
3474,32,80226,6,34.72,6
3475,37,107019,14,61.67,4
3476,34,197881,16,23.54,4
3477,31,77176,4,25.52,1
3478,36,160324,10,43.4,2
3479,22,335199,10,91.11,1
3480,45,82028,19,66.56,19
3481,34,78839,19,48.51,6
3482,46,159725,15,6.36,6
3483,30,69728,11,70.38,3
3484,44,359942,1,15.14,4
3485,28,143658,11,11.59,0
3486,25,53680,6,61.61,0
3487,47,607829,20,51.76,0
3488,30,71760,15,26.6,0
3489,39,381036,6,78.43,13
3490,42,76727,3,32.04,5
3491,26,373932,20,97.89,1
3492,42,82267,3,65.63,15
3493,45,133041,14,56.73,7
3494,53,118981,10,79.41,10
3495,21,67314,15,24.39,0
3496,40,143878,10,22.14,12
3497,26,52209,1,63.91,2
3498,35,69353,18,74.12,4
3499,18,121059,15,65.64,0
3500,18,58333,3,30.85,1
3501,31,307984,16,57.61,4
3502,37,87693,15,33.34,10
3503,33,398526,18,22.79,0
3504,30,253010,15,70.88,0
3505,35,99971,20,19.44,0
3506,38,285916,2,1.03,15
3507,18,98994,4,80.56,1
3508,42,178048,18,22.22,5
3509,41,66657,11,42.1,0
3510,33,56605,15,74.91,0
3511,31,51204,19,65.08,7
3512,29,50013,7,93.54,5
3513,33,122887,2,91.87,0
3514,41,51616,1,78.68,0
3515,31,131454,2,96.42,4
3516,59,528013,17,72.18,13
3517,23,440637,13,7.64,0
3518,23,228973,8,35.48,0
3519,32,320561,16,61.0,10
3520,28,156018,17,50.07,5
3521,36,184326,2,25.85,10
3522,44,418994,10,70.19,3
3523,29,72807,20,68.07,4
3524,50,58912,9,48.93,25
3525,35,213364,13,31.1,5
3526,33,474929,16,78.13,5
3527,47,157532,17,51.05,2
3528,24,124711,3,1.91,2
3529,33,62709,6,48.28,9
3530,36,68295,20,82.72,7
3531,34,130591,1,43.09,12
3532,31,70288,8,8.82,0
3533,46,110696,20,27.87,4
3534,31,79527,17,94.69,6
3535,45,70247,13,83.76,9
3536,48,200025,17,21.1,24
3537,27,78247,2,5.76,2
3538,39,152542,3,44.24,4
3539,42,20523912,7,62.71,2
3540,47,406641,11,74.04,5
3541,36,136409,1,22.51,7
3542,20,52103,6,67.62,1
3543,29,67732,7,85.52,4
3544,41,70387,16,63.86,18
3545,18,62515,8,37.49,0
3546,40,84121,7,42.68,2
3547,24,88717,9,76.39,1
3548,32,421841,2,38.57,7
3549,42,2294932,19,99.5,1
3550,39,417440,18,42.32,0
3551,39,64373,4,25.31,3
3552,38,58307,3,11.88,2
3553,34,128987,13,26.32,10
3554,23,85016,5,27.14,1
3555,38,127548,17,83.94,8
3556,26,155851,20,41.03,2
3557,31,241275,18,89.61,2
3558,21,53497,17,94.14,0
3559,45,66904,16,5.04,11
3560,40,185481,8,90.72,6
3561,25,362720,13,29.94,0
3562,26,86194,4,54.26,0
3563,18,83110,20,60.8,1
3564,67,178246,5,20.04,35
3565,18,62197,7,49.74,0
3566,40,166274,19,20.11,7
3567,18,954543,20,96.06,1
3568,62,64127,14,89.07,27
3569,43,2646260,20,36.4,19
3570,30,397306,9,99.87,8
3571,21,473750,18,76.29,1
3572,39,59758,14,80.3,15
3573,33,472720,6,85.16,7
3574,44,107044,5,76.62,17
3575,44,77003,7,38.78,4
3576,37,77716,7,26.21,12
3577,55,87880,4,76.26,17
3578,47,84567,17,17.12,9
3579,35,53280,4,1.41,6
3580,40,60248,8,58.57,13
3581,31,121569,19,54.16,2
3582,22,167204,7,77.69,1
3583,31,374815,15,4.24,6
3584,52,434103,8,81.97,3
3585,28,59577,5,3.5,6
3586,28,70718,1,38.67,6
3587,44,66388,6,98.33,10
3588,27,76469,3,70.11,5
3589,38,802489,1,71.94,2
3590,38,592529,14,83.49,16
3591,30,79908,16,14.59,8
3592,38,514021,1,85.9,8
3593,20,2237843,19,92.45,1
3594,34,53023,17,17.55,8
3595,49,147434,20,6.33,25
3596,45,53564,9,58.63,17
3597,35,54698,7,5.95,5
3598,58,50155,9,90.8,10
3599,32,155099,17,0.37,7
3600,39,83274,15,71.76,5
3601,27,695130,9,21.71,5
3602,60,128691,10,59.58,38
3603,50,86878,16,43.08,7
3604,35,75391,2,52.79,13
3605,35,2517552,15,1.39,3
3606,45,33269025,2,50.28,23
3607,39,160348,14,43.51,3
3608,20,79200,11,72.27,1
3609,24,78117,3,87.47,2
3610,37,85132,7,53.44,0
3611,33,693101,11,0.83,9
3612,51,65801,6,31.79,16
3613,46,59782,17,90.08,23
3614,49,53704,15,53.75,17
3615,25,96506,14,88.21,2
3616,34,230380,8,67.66,10
3617,46,171463,15,56.95,22
3618,29,69128,12,92.39,6
3619,33,94558,15,2.35,4
3620,52,99863,2,30.48,30
3621,33,61684,19,27.15,8
3622,40,312744,7,24.28,18
3623,40,52134,15,44.33,1
3624,41,755547,1,57.23,14
3625,41,85792,2,1.98,2
3626,40,299574,3,68.56,10
3627,38,62160,15,86.31,10
3628,35,51868,8,70.1,2
3629,35,77559,19,12.56,10
3630,26,76049,14,9.53,3
3631,43,58491,13,6.7,15
3632,24,981027,6,88.54,1
3633,41,65316,2,68.69,19
3634,47,102970,5,75.83,24
3635,24,53581,14,24.14,2
3636,37,391968,9,53.79,4
3637,45,51254,1,72.71,12
3638,18,64416,6,53.26,1
3639,34,439223,18,71.55,1
3640,18,190614,15,40.85,1
3641,25,82913,2,19.08,0
3642,33,60748,18,9.9,10
3643,43,72376,7,21.07,19
3644,34,314368,12,27.58,12
3645,45,220095,1,52.78,23
3646,25,81354,2,82.61,2
3647,45,54159,16,38.52,1
3648,45,100627,2,89.85,17
3649,35,2788660,8,91.26,4
3650,22,66387,11,0.17,0
3651,29,121654,7,48.83,6
3652,32,97340,3,7.78,0
3653,35,56986,1,20.86,8
3654,34,172435,6,28.99,0
3655,32,207021,7,26.9,4
3656,18,93871,20,59.98,0
3657,57,59432,12,24.84,34
3658,44,137699,8,17.03,10
3659,50,1422669,12,68.32,26
3660,40,191403,15,51.96,12
3661,42,52433,3,17.68,7
3662,32,77587,2,90.11,6
3663,44,204216,14,10.9,6
3664,35,157835,5,38.28,4
3665,42,59091,7,76.99,4
3666,34,268714,5,38.7,2
3667,19,52596,10,75.86,0
3668,18,144773,3,75.29,0
3669,51,77395,13,32.54,15
3670,47,52982,20,96.76,2
3671,18,196793,4,32.87,1
3672,24,146712,11,68.87,1
3673,27,104183,16,27.1,2
3674,36,54728,12,97.04,10
3675,24,75465,6,42.86,0
3676,24,71698,17,31.54,0
3677,34,88922,2,77.55,5
3678,47,83087,6,14.48,22
3679,30,742876,16,8.73,4
3680,45,101069,11,63.92,3
3681,40,158189,2,89.94,7
3682,37,52241,14,94.21,9
3683,36,126030,6,43.18,8
3684,39,248143,12,51.19,10
3685,32,54713,4,76.53,10
3686,32,85815,13,86.09,2
3687,36,88426,2,56.43,13
3688,37,57076,2,51.02,3
3689,32,643461,12,85.33,10
3690,36,118315,8,78.87,3
3691,21,187081,10,75.27,1
3692,32,119946,15,61.22,7
3693,29,274704,11,87.43,7
3694,22,63182,15,79.83,1
3695,33,168912,6,93.34,10
3696,47,601634,3,15.67,2
3697,50,158801,17,41.71,17
3698,29,196614,20,76.81,2
3699,30,2229386,14,75.2,0
3700,33,58652,19,37.06,11
3701,25,84748,2,49.1,2
3702,40,55823,11,38.25,3
3703,22,619481,7,48.45,1
3704,34,87854,4,62.25,7
3705,24,92873,1,53.35,0
3706,28,256684,13,65.17,2
3707,18,98588,5,84.2,0
3708,36,241562,5,57.95,11
3709,43,213782,9,80.19,18
3710,37,64763,7,33.23,3
3711,18,52944,5,92.85,0
3712,46,263474,20,49.79,4
3713,30,1416238,13,22.56,3
3714,33,93519,13,45.71,4
3715,58,158110,6,22.14,17
3716,29,150344,6,52.5,6
3717,43,57818,14,40.59,10
3718,49,99326,9,56.66,8
3719,37,230564,1,10.99,2
3720,46,88317,4,4.68,9
3721,30,60394,2,91.62,1
3722,38,52532,5,65.71,10
3723,52,53426,12,51.89,21
3724,27,135203,2,26.22,0
3725,27,95494,8,86.72,5
3726,41,157952,3,15.48,6
3727,43,339000,10,50.3,10
3728,57,357603,10,35.01,34
3729,46,1240926,1,8.71,2
3730,32,61420,16,64.75,5
3731,19,107737,1,35.17,1
3732,42,83553,19,68.49,9
3733,40,135188,15,10.44,13
3734,18,136134,4,7.02,1
3735,48,50029,13,74.22,4
3736,37,235517,10,40.08,7
3737,18,935086,12,94.66,0
3738,27,88882,15,78.21,3
3739,28,101392,3,12.46,3
3740,40,50199,13,61.33,8
3741,24,116197,3,72.83,2
3742,52,56893,6,35.74,23
3743,25,266383,20,41.87,3
3744,33,63245,16,5.96,3
3745,46,110025,9,39.19,11
3746,21,67884,5,4.32,0
3747,30,477803,5,31.23,3
3748,44,133923,14,40.77,12
3749,35,92566,19,5.62,13
3750,51,204337,6,47.45,13
3751,48,74258,10,74.36,25
3752,56,57585,20,33.35,34
3753,32,55127,13,91.23,6
3754,25,85353,14,45.23,1
3755,32,385107,1,87.61,6
3756,34,103215,6,10.68,3
3757,50,1126246,14,24.53,19
3758,38,176015,13,60.02,6
3759,18,316628,15,30.76,1
3760,54,2507014,8,56.88,21
3761,27,117378,12,86.37,3
3762,46,271282,14,16.41,20
3763,19,50055,9,28.53,1
3764,27,1237492,17,37.14,3
3765,50,71768,2,60.89,6
3766,28,272393,4,95.07,1
3767,54,88543,8,72.86,20
3768,35,62156,16,46.77,13
3769,41,69899,9,68.72,11
3770,37,53041,3,76.74,14
3771,22,29271156,20,79.71,1
3772,31,391445,7,96.39,2
3773,49,122736,12,64.07,0
3774,30,109174,8,89.41,3
3775,31,60680,15,69.19,1
3776,41,71721,19,8.87,17
3777,18,59955,3,56.58,0
3778,26,1896458,17,17.48,1
3779,32,256533,7,96.67,5
3780,48,105576,10,91.87,2
3781,45,50667,2,76.81,15
3782,23,63401,5,50.38,0
3783,37,116094,4,92.9,1
3784,24,382034,17,85.98,2
3785,18,98928,20,86.18,0
3786,38,157953,14,59.7,5
3787,28,63833,16,64.26,4
3788,36,165555,8,63.21,6
3789,54,2083501,5,53.24,17
3790,26,80685,13,42.61,2
3791,28,122113,7,14.62,6
3792,28,221237,11,97.63,2
3793,36,340337,13,31.32,7
3794,29,72505,15,55.82,2
3795,45,87672,19,66.82,19
3796,31,108157,14,42.48,7
3797,25,201109,12,47.97,0
3798,27,299151,9,37.71,0
3799,48,88549,6,84.85,22
3800,31,62810,4,55.27,0
3801,37,57122,3,95.52,13
3802,32,66723,4,50.34,5
3803,40,64605,11,22.75,2
3804,44,356244,12,36.22,11
3805,47,78194,4,88.85,3
3806,50,192228,11,71.86,14
3807,46,54416,6,9.19,11
3808,28,111994,20,43.16,1
3809,35,90207,6,83.9,5
3810,32,455497,13,66.57,4
3811,40,299513,12,59.81,8
3812,42,295774,12,98.09,10
3813,25,63905,7,3.41,2
3814,32,114692,17,18.1,8
3815,34,359460,2,56.05,6
3816,34,1234451,3,39.34,1
3817,18,128373,12,66.42,0
3818,32,55651,6,80.92,10
3819,43,67640,6,1.34,14
3820,44,57422,10,62.45,20
3821,30,567098,2,72.82,3
3822,33,199855,19,47.81,5
3823,47,77613,8,19.38,9
3824,22,85637,18,32.81,1
3825,54,56604,18,53.32,11
3826,50,53138,8,62.8,23
3827,22,54884,2,41.04,0
3828,36,1162809,9,88.88,1
3829,32,61835,17,86.02,1
3830,56,99150,12,67.57,22
3831,40,72344,8,92.35,15
3832,42,132933,4,18.95,7
3833,32,217982,20,60.55,9
3834,22,65803,1,57.84,1
3835,39,53073,4,57.31,14
3836,23,60809,18,21.72,1
3837,27,183436,20,98.11,5
3838,23,78665,18,11.34,0
3839,43,84473,14,27.69,15
3840,37,87569,10,58.25,11
3841,43,227815,8,10.13,19
3842,44,85237,7,36.09,14
3843,43,782179,2,63.43,16
3844,22,121182,20,20.29,1
3845,40,167483,15,46.98,12
3846,18,277396,15,23.11,0
3847,27,165044,9,72.33,5
3848,44,163791,11,43.23,8
3849,45,81086,16,39.0,15
3850,37,927500,5,21.92,7
3851,26,896011,7,7.37,1
3852,48,69732,1,62.87,0
3853,43,467595,3,63.93,17
3854,37,147975,17,67.65,2
3855,29,135961,3,29.55,6
3856,36,70289,3,17.66,2
3857,24,53395,6,76.53,2
3858,30,126768,2,17.63,8
3859,27,275267,12,22.5,1
3860,18,240845,6,4.7,0
3861,18,74927,18,51.16,0
3862,28,129873,7,0.22,0
3863,36,180413,3,6.5,4
3864,34,65023,2,7.65,11
3865,18,160060,19,9.01,0
3866,53,80754,18,30.39,8
3867,40,167535,8,42.97,13
3868,43,122636,13,31.8,19
3869,45,50557,18,22.2,17
3870,26,269481,7,43.26,1
3871,19,95857,19,45.2,1
3872,51,130454,16,92.56,4
3873,37,89299,9,80.36,5
3874,30,115530,4,1.82,6
3875,33,151748,4,53.89,0
3876,24,535240,14,80.59,2
3877,27,97418,6,8.29,4
3878,44,50602,10,47.96,7
3879,52,76565,17,90.22,24
3880,29,176320,19,42.76,1
3881,41,238292,7,82.8,4
3882,42,204248,11,7.22,18
3883,39,1001086,13,27.46,6
3884,28,100616,19,67.51,2
3885,57,67295,15,49.64,17
3886,39,141789,16,25.55,1
3887,38,94928,2,52.02,6
3888,44,141693,8,84.21,10
3889,27,423745,20,24.17,5
3890,36,50867,3,12.12,7
3891,40,79099,6,63.76,0
3892,18,167363,5,38.14,0
3893,33,287418,16,21.15,2
3894,38,126737,11,2.02,14
3895,24,1545594,9,8.47,2
3896,56,88625,11,87.71,30
3897,36,62423,1,72.36,5
3898,50,163678,12,66.43,7
3899,28,394492,7,40.09,1
3900,25,81710,11,13.34,2
3901,34,789457,19,53.58,5
3902,48,55101,15,92.46,18
3903,18,311729,10,73.71,1
3904,33,99644,6,2.25,8
3905,22,54468,5,40.68,1
3906,35,57623,4,65.54,3
3907,47,192646,14,76.24,20
3908,31,182736,13,58.7,2
3909,47,1286685,2,96.88,10
3910,52,124497,9,92.76,18
3911,29,912980,2,68.13,2
3912,36,880657,3,71.28,4
3913,32,124096,8,38.69,9
3914,28,138601,17,44.97,1
3915,48,61906,8,16.01,6
3916,61,810493,19,53.7,35
3917,36,211985,8,33.31,0
3918,36,291609,17,35.88,3
3919,33,1033140,4,92.56,6
3920,37,55518,20,93.61,4
3921,44,69236,13,75.31,14
3922,45,105839,15,91.11,10
3923,23,231634,19,22.83,0
3924,27,57409,2,70.53,1
3925,24,188878,19,54.47,1
3926,48,82673,1,49.64,24
3927,22,75493,7,38.83,1
3928,26,108032,19,73.7,1
3929,22,50800,1,62.65,0
3930,18,82928,11,57.25,1
3931,25,314968,10,55.04,1
3932,29,331760,1,50.12,7
3933,29,72013,3,4.88,1
3934,40,55769,18,97.29,17
3935,22,110874,8,42.43,0
3936,40,250861,3,70.0,2
3937,28,68075,11,27.29,5
3938,49,70827,13,94.63,13
3939,39,156425,4,78.72,12
3940,38,51943,11,70.77,6
3941,47,310818,11,54.82,22
3942,38,4067231,7,35.69,3
3943,31,62114,11,11.3,2
3944,41,98104,17,30.72,2
3945,24,58397,13,99.58,0
3946,43,366216,1,35.42,7
3947,52,73658,8,25.22,17
3948,42,51992,6,75.3,3
3949,40,106262,14,5.04,1
3950,40,112483,16,59.34,3
3951,51,387525,1,92.3,23
3952,24,99644,7,40.67,1
3953,50,77423,15,49.67,2
3954,46,60027,8,79.77,8
3955,36,110970,14,99.9,5
3956,36,198388,17,56.25,9
3957,26,84042,13,1.75,0
3958,34,279041,13,88.6,4
3959,37,68725,2,81.84,10
3960,23,84491,16,92.69,1
3961,18,55209,10,58.65,1
3962,29,82197,2,52.99,6
3963,40,81397,14,52.39,15
3964,47,835180219,16,7.57,14
3965,45,64028,16,20.84,16
3966,41,54552,3,12.72,11
3967,31,283943,13,58.85,5
3968,29,1347386,9,73.57,2
3969,37,150260,7,22.57,0
3970,40,171088,15,6.94,16
3971,30,142845,16,83.57,0
3972,22,144137,1,19.81,1
3973,48,50866,13,37.13,11
3974,19,88510,12,64.09,0
3975,43,91505,4,98.11,16
3976,36,70264,12,74.7,13
3977,28,56018,3,33.83,0
3978,36,87797,16,24.16,14
3979,27,73326,16,12.59,0
3980,23,904048,8,3.0,1
3981,50,54383,17,4.91,11
3982,37,51492,18,62.63,15
3983,35,81723,4,39.37,11
3984,46,128821,19,18.57,6
3985,42,53369,11,39.78,3
3986,53,365075,7,6.19,20
3987,38,700276,3,50.35,10
3988,18,156836,10,74.49,1
3989,49,90013,5,46.99,21
3990,45,107249,3,1.63,6
3991,24,99979,14,24.23,0
3992,18,55129,3,31.83,1
3993,29,1038069,10,30.26,5
3994,46,64154,14,62.34,14
3995,36,66410,11,99.65,12
3996,23,1156452,9,8.7,1
3997,34,160998,20,62.95,3
3998,22,2442722,16,71.88,0
3999,44,51590,2,96.04,11
4000,24,85943,14,25.57,1
4001,28,83614,15,59.26,3
4002,18,3901282,10,20.16,0
4003,47,55938,4,29.68,17
4004,38,50594,9,36.13,4
4005,39,978793,7,51.56,6
4006,36,146352,15,8.28,7
4007,42,101257,10,48.7,12
4008,26,90545,9,36.53,2
4009,35,68339,18,91.49,11
4010,33,246861,13,48.89,3
4011,45,88295,15,79.44,19
4012,24,63187,16,47.57,1
4013,22,108543,2,65.38,1
4014,18,55363,2,98.44,1
4015,21,93163,16,90.76,1
4016,40,375871,6,29.53,5
4017,28,80432,12,38.61,3
4018,39,236314,3,2.17,16
4019,47,62520,20,2.35,17
4020,44,55371,8,42.37,9
4021,30,66762,1,32.16,2
4022,59,226149,7,6.66,24
4023,36,208742,7,77.75,10
4024,32,50800,11,52.43,2
4025,46,72010,15,92.29,6
4026,49,69932,6,90.04,23
4027,27,52357,19,57.17,2
4028,25,95246,18,9.69,1
4029,23,173335,20,37.89,1
4030,34,62306,14,28.62,9
4031,51,116714,4,41.17,9
4032,36,83039,3,31.19,2
4033,25,154988,12,91.88,3
4034,34,91226,8,39.89,10
4035,25,70790,14,73.41,0
4036,33,263754,10,13.22,11
4037,35,1459856,17,69.32,11
4038,53,5162682,18,14.76,29
4039,40,182964,17,27.57,7
4040,40,849133,17,72.36,5
4041,36,63892,1,48.83,12
4042,18,253427,17,68.2,1
4043,47,498863,7,62.94,13
4044,30,58229,9,2.96,5
4045,44,77042,20,89.33,14
4046,30,436693,6,25.16,0
4047,35,72519,14,25.25,10
4048,18,651410,1,78.0,0
4049,31,61253,18,72.48,7
4050,44,66049,1,97.39,19
4051,26,78916,15,92.88,2
4052,34,186833,5,72.69,3
4053,30,189803,11,5.9,8
4054,27,57611,6,46.11,5
4055,47,100022,2,62.13,17
4056,36,291352,14,28.87,13
4057,33,50449,2,80.82,11
4058,29,54231,13,64.62,0
4059,32,91502,12,87.85,7
4060,33,136634,13,33.37,3
4061,42,66707,20,15.05,9
4062,37,87222,17,55.93,12
4063,27,214839,16,35.92,5
4064,18,5358143,4,85.69,1
4065,41,84561,1,97.94,10
4066,23,98480,2,89.58,0
4067,29,2686938,20,81.73,1
4068,42,85179,8,69.17,8
4069,44,51664,12,69.19,11
4070,34,58684,19,40.75,11
4071,26,83324,11,89.27,1
4072,39,253355,6,16.46,5
4073,18,73141,4,73.79,0
4074,40,101399,4,68.02,5
4075,53,90595,2,2.2,4
4076,43,1129123,3,10.63,1
4077,18,127023,12,42.73,1
4078,40,75770,4,82.51,11
4079,29,137442,16,19.87,1
4080,29,127749,11,64.85,0
4081,31,52122,4,45.32,4
4082,37,140149,6,55.5,15
4083,44,196497,16,48.43,21
4084,39,100706,4,25.12,8
4085,46,146830,19,75.15,7
4086,26,318028,20,59.16,0
4087,28,72308,3,53.53,0
4088,25,203229,20,95.31,2
4089,32,61883,14,81.39,3
4090,43,5060459,12,78.15,17
4091,48,120037,12,85.52,15
4092,44,142702,11,79.8,18
4093,37,72529,13,89.91,10
4094,33,62516,16,2.03,4
4095,46,54124,2,58.09,23
4096,40,664532,12,39.41,4
4097,47,89710,6,81.56,21
4098,31,61321,14,87.32,8
4099,29,305644,9,53.53,0
4100,38,72996,19,20.88,15
4101,35,67672,8,56.81,7
4102,24,50485,9,88.87,2
4103,62,56195,12,66.73,9
4104,45,72018,18,84.03,8
4105,29,91624,19,91.46,1
4106,42,120846,5,35.52,11
4107,37,57198,11,37.38,8
4108,41,82786,3,57.56,19
4109,31,203236,5,12.13,3
4110,37,70644,2,91.04,2
4111,37,55873,10,24.19,9
4112,29,117919,14,18.82,7
4113,26,82251,2,56.77,1
4114,39,60453,9,11.67,12
4115,19,60343,16,79.37,1
4116,47,54941,8,59.99,8
4117,45,66733,6,94.09,19
4118,46,146929,9,67.01,5
4119,21,75347,6,17.11,0
4120,37,266179,4,15.25,10
4121,35,97894,18,81.45,9
4122,45,253081,14,62.95,12
4123,42,60114,11,87.57,19
4124,38,449374,10,90.68,15
4125,56,65782,17,66.21,2
4126,42,96321,9,91.33,12
4127,25,50434,12,4.78,0
4128,37,168444,12,42.09,14
4129,28,50402,18,60.58,4
4130,24,59700,2,63.04,1
4131,21,54547,4,36.63,1
4132,39,67387,6,35.52,13
4133,46,57197,4,68.82,12
4134,23,1036021,7,21.73,1
4135,41,173386,6,59.4,5
4136,30,100126,16,99.08,2
4137,53,98647,20,53.59,27
4138,25,65158,3,34.86,2
4139,40,59524,9,56.01,5
4140,18,495468,13,79.14,1
4141,39,57258,11,30.36,0
4142,22,167048,11,15.89,0
4143,30,52115,2,63.89,1
4144,29,6346058,3,64.15,6
4145,18,139500,18,10.03,0
4146,28,105936,5,80.34,3
4147,47,262224,19,99.8,5
4148,25,52454,1,34.17,1
4149,38,63305,11,17.59,4
4150,45,133278,1,34.23,7
4151,27,56284,14,70.53,3
4152,24,206042,2,12.65,2
4153,54,107466,3,80.03,31
4154,28,179233,4,53.93,3
4155,31,64713,7,84.45,0
4156,37,51264,10,74.56,3
4157,24,234630,17,65.74,2
4158,36,50964,17,36.51,3
4159,43,115637,14,7.23,15
4160,34,308165,3,77.51,6
4161,32,71295,4,31.25,7
4162,20,415397,8,42.9,0
4163,30,96392,5,30.86,4
4164,47,65275,5,88.79,23
4165,31,84784,1,86.27,0
4166,37,300751,16,90.34,7
4167,34,120331,1,46.13,3
4168,23,92684,7,55.02,1
4169,25,92655,10,3.13,2
4170,42,64969,20,46.59,5
4171,48,76123,9,72.18,1
4172,53,155270,6,43.42,24
4173,51,94993,13,63.12,29
4174,18,61033,6,6.28,0
4175,25,104684,10,57.4,3
4176,38,60137,7,84.51,5
4177,50,87551,13,61.93,27
4178,34,67387,2,94.51,8
4179,33,123933,2,30.71,2
4180,37,71932,14,86.95,3
4181,27,187147,16,19.99,0
4182,27,368371,2,59.25,2
4183,37,78243,16,96.2,9
4184,31,73038,17,82.94,0
4185,36,75669,17,77.95,12
4186,52,181387,18,56.0,15
4187,28,1171854,15,10.52,2
4188,36,1347511,20,1.91,5
4189,40,1896396,5,98.67,11
4190,52,2559220,16,69.96,6
4191,39,59065,17,58.26,3
4192,38,462619,18,92.52,4
4193,51,156667,10,71.26,16
4194,23,51105,19,2.33,0
4195,24,91405,7,76.89,1
4196,42,50548,3,85.37,8
4197,48,66657,15,49.09,9
4198,29,218271,5,64.97,7
4199,54,53232,14,49.93,28
4200,33,770310,9,48.17,4
4201,43,52829,18,35.01,4
4202,22,439760,4,23.73,0
4203,49,52764,6,79.39,9
4204,43,62855,16,24.6,0
4205,32,240368,18,12.81,8
4206,46,76945,13,21.25,8
4207,42,151470,11,47.98,9
4208,35,2180038,5,42.42,12
4209,29,303854,3,80.6,2
4210,46,138467,16,82.42,21
4211,41,139461,17,34.51,15
4212,22,334754,6,71.74,1
4213,32,87197,11,95.97,8
4214,31,72982,9,14.85,0
4215,59,587810,6,73.09,2
4216,32,189159,5,56.12,7
4217,27,63363,14,18.57,2
4218,18,113951,15,81.19,0
4219,43,714653,8,26.07,2
4220,35,87772,17,93.19,11
4221,41,59811,11,82.62,6
4222,41,547868,3,99.08,5
4223,37,469538,18,79.74,5
4224,35,106525,8,57.31,3
4225,22,114338,17,33.28,1
4226,30,214614,12,46.11,8
4227,37,2722879,6,85.82,0
4228,18,206071,16,68.8,0
4229,31,335040,20,26.91,2
4230,42,547059,20,54.82,12
4231,34,13592700,4,16.72,11
4232,26,50782,19,82.33,1
4233,40,144234,4,78.08,18
4234,28,63119,5,78.39,5
4235,41,75446,2,85.46,3
4236,50,85755,20,65.92,22
4237,60,59945,5,23.11,31
4238,45,53017,19,16.41,7
4239,27,69238,16,88.62,2
4240,44,1551482,8,95.34,16
4241,24,52986,11,64.63,1
4242,51,344702,5,52.97,13
4243,23,54945,12,31.7,1
4244,25,75033,7,73.3,0
4245,24,245180,18,84.3,1
4246,40,60232,10,77.77,17
4247,49,54956,20,71.15,26
4248,33,90107,17,93.42,0
4249,34,212838,14,78.99,1
4250,56,58414,19,8.52,8
4251,40,63216,19,22.79,6
4252,29,100896,16,21.22,0
4253,39,85054,4,57.5,8
4254,36,143800,3,99.77,5
4255,18,344136,7,85.98,1
4256,44,2948379,15,19.93,0
4257,43,93129,4,33.17,17
4258,45,57872,10,50.63,4
4259,46,52264,20,37.49,17
4260,35,164967,18,97.5,9
4261,36,178761,7,40.43,3
4262,41,128642,10,16.18,4
4263,32,73094,16,22.33,0
4264,31,72369,3,43.15,9
4265,25,100681,5,76.45,0
4266,36,153572,13,4.24,12
4267,24,108592,11,77.9,0
4268,39,128324,20,41.24,8
4269,30,153790,10,12.5,6
4270,39,66272,3,38.58,0
4271,44,124714,5,39.06,6
4272,46,77032,1,16.91,6
4273,25,145917,11,89.46,1
4274,33,81300,10,70.74,1
4275,41,125786,9,77.29,13
4276,49,60708,12,0.13,17
4277,32,74332,18,11.12,2
4278,33,99281,18,94.06,8
4279,19,118599,4,87.23,0
4280,40,119516,14,20.15,7
4281,29,93808,10,25.09,1
4282,45,592597,13,82.62,9
4283,23,3045407,6,83.43,0
4284,37,15287807,18,85.82,13
4285,34,81428,5,70.39,6
4286,33,2410251,12,30.97,1
4287,19,3853778,20,52.01,0
4288,44,161430,12,81.4,6
4289,61,79537,13,29.05,20
4290,18,71042,1,17.14,0
4291,34,59510,19,67.54,8
4292,24,51506,18,67.63,0
4293,45,59944,9,72.29,11
4294,41,432572,15,41.19,13
4295,23,1038698,18,0.89,1
4296,35,61050,14,8.7,11
4297,43,1743260,19,54.58,7
4298,45,55365,2,73.69,8
4299,19,52333,17,26.68,1
4300,33,382275,12,11.45,3
4301,43,77869,2,54.67,4
4302,19,76040,16,52.24,1
4303,30,276969,1,19.94,2
4304,29,64488,6,5.15,3
4305,42,114731,16,61.61,7
4306,18,68327,20,31.3,0
4307,51,75160,12,69.0,20
4308,47,94726,7,75.32,16
4309,45,369642,6,78.53,11
4310,25,62040,7,96.0,2
4311,25,61145,2,28.15,0
4312,29,64943,2,49.51,3
4313,38,562368,20,13.94,6
4314,38,70436,2,92.37,9
4315,47,72004,20,30.71,12
4316,44,67742,10,20.11,16
4317,32,319939,16,72.95,7
4318,30,496614,19,48.15,0
4319,49,207644,13,58.76,7
4320,32,356272,3,70.71,2
4321,18,89038,11,32.51,0
4322,38,321914,3,74.89,7
4323,32,55343,13,80.84,6
4324,45,50845,9,0.59,22
4325,45,68175,10,59.81,13
4326,35,89706,16,66.48,11
4327,32,56305,13,92.97,0
4328,38,980320,19,84.79,3
4329,40,146511,12,58.23,3
4330,30,95649,3,24.76,4
4331,31,168602,20,81.06,3
4332,36,391077,6,96.81,3
4333,34,621177,6,85.73,0
4334,36,332770,20,82.26,11
4335,56,114991,13,29.06,30
4336,49,85293,8,12.25,17
4337,30,60528,2,74.88,5
4338,20,125132,13,9.18,1
4339,39,143538,15,65.62,17
4340,32,541093,7,43.02,9
4341,32,53599,16,22.5,2
4342,56,144447,9,15.89,21
4343,28,97970,7,50.63,3
4344,32,734398,2,48.91,5
4345,46,126201,11,91.15,23
4346,24,134413,20,86.47,1
4347,47,96393,11,5.5,21
4348,29,117185,18,85.57,0
4349,38,546938,15,27.1,14
4350,21,573228,7,32.55,0
4351,42,63655,10,8.48,11
4352,57,177731,20,42.01,10
4353,18,113926,8,75.64,1
4354,34,216505,16,89.43,6
4355,33,63439,1,70.11,9
4356,52,162861,1,32.27,24
4357,47,58398,1,65.82,19
4358,36,50877,8,2.19,2
4359,29,111871,17,60.87,4
4360,34,213858,20,74.94,7
4361,28,51739,5,68.98,1
4362,34,219387,7,99.58,7
4363,28,75149,8,17.95,5
4364,28,67920,13,55.61,3
4365,46,129780,10,0.82,23
4366,29,353557,3,90.16,3
4367,47,372295,19,84.09,4
4368,47,57193,8,91.46,17
4369,18,114363,17,39.41,0
4370,23,66919,5,43.36,0
4371,49,712818,14,85.54,23
4372,38,55393,17,52.29,6
4373,53,826029,4,19.22,5
4374,37,62267,8,87.54,1
4375,26,158435,12,43.24,1
4376,28,133295,18,32.72,2
4377,27,163146,4,28.25,0
4378,25,183704,11,4.75,2
4379,30,78905,20,30.6,3
4380,18,195845,18,4.94,0
4381,24,1802631,15,72.64,2
4382,37,75679,9,48.01,13
4383,26,108988,15,26.19,1
4384,43,52490,15,15.21,16
4385,49,290115,7,69.68,22
4386,30,50224,10,84.06,8
4387,33,129271,5,99.74,3
4388,39,59101,1,7.59,7
4389,28,57629,19,3.02,0
4390,28,75996,10,94.56,1
4391,35,267525,2,45.81,11
4392,22,126021,12,72.3,0
4393,21,51748,17,87.32,0
4394,37,284345,9,87.32,4
4395,31,108134,5,77.07,8
4396,21,198004,1,35.55,1
4397,28,391960,20,51.63,1
4398,47,50105,4,72.56,3
4399,27,790233,10,7.85,0
4400,31,65824,12,6.21,7
4401,39,65347,6,57.37,3
4402,34,92419,6,3.24,9
4403,34,68512,16,64.9,0
4404,23,100717,20,3.67,1
4405,31,52370,1,13.59,4
4406,33,87421,12,70.12,3
4407,51,93059,16,4.62,15
4408,40,756584,18,30.72,1
4409,45,287204,18,3.72,19
4410,18,69605,2,37.96,1
4411,41,62783,8,63.25,12
4412,25,54292,20,22.73,3
4413,37,56155,2,12.78,0
4414,20,214830,6,37.49,1
4415,36,261679,11,30.95,6
4416,38,146134,12,8.35,6
4417,33,92338,3,58.44,11
4418,18,50375,3,63.81,0
4419,38,229480,6,90.99,5
4420,43,166506,6,89.9,0
4421,34,123553,5,8.16,8
4422,29,81359,9,48.14,6
4423,39,226500,10,96.78,11
4424,32,80137,11,23.7,2
4425,37,51623,13,82.31,14
4426,40,1156632,16,16.94,4
4427,42,72713,13,94.39,4
4428,50,130937,12,80.31,7
4429,39,419562,20,76.36,7
4430,32,3262486,17,8.09,4
4431,22,112564,8,53.31,1
4432,31,127573,13,17.81,7
4433,37,67141,18,53.44,2
4434,42,100927,11,37.05,17
4435,36,71104,19,81.31,5
4436,30,51060,5,65.18,0
4437,49,107488,20,33.63,20
4438,26,58020,11,28.05,1
4439,37,61021,2,91.87,15
4440,42,207166,6,8.96,8
4441,41,149459,15,20.15,6
4442,34,105750,16,10.16,10
4443,52,51265,4,55.39,28
4444,38,314092,12,73.21,7
4445,35,312754,13,54.14,8
4446,41,76205,17,62.12,4
4447,28,82673,2,49.72,5
4448,18,744519,4,20.6,0
4449,36,548144,19,89.09,1
4450,36,59290,19,28.65,3
4451,35,74597,5,82.36,13
4452,18,75162,12,54.54,0
4453,34,1505307,6,29.19,2
4454,50,106086,7,74.05,28
4455,40,199862,6,34.72,10
4456,30,123256,15,14.41,2
4457,32,244316,6,64.76,7
4458,38,73588,20,97.35,9
4459,32,195050,13,46.33,2
4460,18,135467,15,58.16,1
4461,29,103962,13,20.28,4
4462,18,608016,12,94.29,1
4463,35,76625,16,79.62,0
4464,53,115330,5,79.57,3
4465,41,57902,16,50.65,5
4466,44,123851,7,65.78,22
4467,37,67633,16,7.68,2
4468,53,384220,12,59.96,12
4469,42,52954,5,66.57,4
4470,45,104133,11,63.5,8
4471,56,27466485,18,35.6,13
4472,46,91353,18,87.61,5
4473,51,126403,2,64.96,18
4474,29,71647,6,7.45,0
4475,41,18553515,13,21.53,6
4476,48,50262,17,31.34,25
4477,32,60199,16,53.11,10
4478,47,386758,18,75.78,2
4479,34,124233,12,85.05,5
4480,21,111110,8,20.81,0
4481,35,54591,19,98.02,6
4482,24,77533,17,94.41,2
4483,43,88440,12,60.1,14
4484,50,50750,14,77.61,1
4485,35,50363,8,57.63,8
4486,24,64711,15,67.63,1
4487,34,78878,20,75.98,5
4488,40,81792,4,64.95,17
4489,31,96433,14,38.85,6
4490,30,136146,14,61.07,8
4491,43,155491,5,57.03,15
4492,24,51331,7,66.3,1
4493,18,432114,19,15.65,0
4494,26,295935,13,96.51,0
4495,38,904968,6,41.13,5
4496,53,91753,17,31.73,6
4497,53,167504,16,92.26,6
4498,23,50915,17,32.27,1
4499,21,416379,16,98.83,0
4500,36,74835,14,45.56,8
4501,32,67615,3,31.05,5
4502,43,94384,20,13.07,2
4503,38,70221,15,31.45,0
4504,33,54051,13,83.99,7
4505,30,151575,15,59.12,5
4506,40,40130992,2,28.29,17
4507,19,134386,2,20.68,1
4508,41,77403,18,77.28,9
4509,40,79448,12,95.01,3
4510,27,53543,8,54.19,0
4511,35,240133,2,72.04,12
4512,33,663411,11,99.01,4
4513,36,149386,6,10.57,14
4514,43,205957,17,39.22,15
4515,39,2266161,13,70.93,11
4516,46,95331,8,31.25,13
4517,32,373349,15,44.87,7
4518,43,52755,19,96.87,7
4519,41,124387,13,35.4,4
4520,24,601474,1,61.91,0
4521,33,162556,18,47.99,6
4522,35,70557,5,43.08,13
4523,26,224778,12,20.25,2
4524,18,74447,17,79.15,0
4525,31,167591,3,42.8,3
4526,28,135149,4,88.79,6
4527,23,54369,1,68.4,1
4528,41,53105,2,53.61,6
4529,59,2182971,6,48.92,14
4530,35,52506,9,8.98,9
4531,42,127983,3,0.26,8
4532,36,123014,13,75.71,12
4533,35,61959,7,31.16,11
4534,48,64884,16,37.63,9
4535,35,285217,10,70.2,12
4536,47,93456,1,71.68,8
4537,24,123099,6,61.94,0
4538,25,64171,4,1.16,2
4539,33,151226,16,8.98,0
4540,26,85704,11,83.77,2
4541,23,131233,19,0.99,1
4542,39,63492,15,86.99,2
4543,32,57938,6,80.02,4
4544,45,378259,20,1.42,2
4545,47,109823,3,66.99,24
4546,56,83773,6,59.99,20
4547,25,88132,16,6.2,2
4548,44,51142,19,51.79,14
4549,26,80250,14,93.76,4
4550,33,220468,12,74.07,2
4551,46,198869,7,44.74,0
4552,28,160537,4,71.99,1
4553,55,867637,17,43.67,11
4554,30,73603,19,49.26,1
4555,54,236263,14,67.37,20
4556,41,71323,6,80.75,3
4557,21,96893,3,5.85,1
4558,43,201180,6,40.49,15
4559,30,157095,16,91.39,4
4560,49,71703,4,32.26,14
4561,41,228059,13,41.37,18
4562,29,122047,5,4.84,3
4563,42,59798,20,10.63,8
4564,42,51612,4,85.28,17
4565,34,54321,20,71.75,9
4566,29,630882,12,72.84,6
4567,34,133783,2,34.18,11
4568,30,219512,4,18.11,4
4569,36,59889,9,31.6,14
4570,34,1314253,19,90.09,11
4571,46,87355,1,90.89,20
4572,39,80341,8,45.03,13
4573,34,123291,8,88.45,1
4574,37,53154,18,30.13,15
4575,45,63865,10,44.84,22
4576,26,83458,9,8.8,1
4577,34,55342,10,21.88,10
4578,32,57452,18,40.29,3
4579,29,152493,17,13.85,4
4580,18,88578,15,37.89,1
4581,36,194845,6,79.33,13
4582,49,75584,12,18.45,16
4583,31,64699,1,0.1,5
4584,19,58436,15,21.83,1
4585,34,117172,4,87.53,3
4586,40,608752,12,70.75,9
4587,29,117604,14,22.11,4
4588,32,53792,2,87.44,7
4589,24,137614,6,18.6,2
4590,42,151923,14,19.12,20
4591,51,72164,14,26.29,2
4592,35,51202,11,1.46,13
4593,56,116976,13,63.68,6
4594,25,165432,11,1.63,0
4595,43,61756,2,33.6,14
4596,26,137443,1,75.69,2
4597,45,50671,16,43.38,11
4598,41,103433,10,53.82,19
4599,36,72785,3,33.94,7
4600,38,72225,18,94.93,1
4601,41,66368,12,61.3,11
4602,32,52417,19,53.43,7
4603,25,175062,5,75.7,1
4604,38,177275,20,2.85,11
4605,38,112554,12,60.53,6
4606,47,90556,3,5.4,9
4607,43,1805773,20,18.9,17
4608,32,95621,6,22.29,7
4609,43,109925,8,37.85,5
4610,49,67985,9,39.85,18
4611,53,77868,17,78.9,15
4612,33,63423,18,94.2,6
4613,35,57038,16,75.94,8
4614,37,50552,16,70.37,12
4615,18,2448436,5,78.58,1
4616,33,89425,15,18.42,6
4617,49,57363,20,21.53,22
4618,46,381053,4,59.9,18
4619,34,112731,17,73.53,7
4620,33,190501,1,31.41,4
4621,39,139087,8,83.46,7
4622,40,312115,12,64.7,9
4623,44,109766,8,67.49,14
4624,18,68288,19,64.65,1
4625,28,73441,16,22.37,0
4626,48,68665,14,90.74,6
4627,38,192334,5,23.19,15
4628,36,113469,20,99.15,9
4629,31,147641,10,36.24,2
4630,22,81573,1,35.99,1
4631,32,116168,6,90.51,6
4632,36,58960,15,20.76,12
4633,46,76242,14,68.07,2
4634,33,145039,3,92.02,10
4635,24,203478,15,60.08,2
4636,37,99517,18,37.49,8
4637,34,68780,20,46.07,3
4638,26,87833,3,20.83,0
4639,25,131280,18,40.44,2
4640,36,527989,17,3.71,4
4641,35,1437775,6,69.64,4
4642,28,323534,4,3.95,3
4643,22,68627,3,6.23,0
4644,54,69328,11,23.45,14
4645,47,87620,2,14.73,16
4646,31,92108,6,32.38,2
4647,38,59725,3,15.92,0
4648,33,58645,9,11.49,7
4649,40,170759,16,29.61,18
4650,40,194322,20,93.64,18
4651,34,141890,11,73.88,10
4652,41,56948,14,53.04,16
4653,26,430852,19,41.98,4
4654,50,57157,18,5.95,1
4655,35,145689,10,17.36,5
4656,27,162462,8,16.3,2
4657,23,180337,13,22.37,0
4658,28,69707,15,78.92,2
4659,41,91204,8,63.07,2
4660,45,51317,15,59.66,18
4661,40,107676,17,53.95,16
4662,33,96378,1,20.36,0
4663,24,68985,8,29.41,0
4664,36,106552,2,55.73,2
4665,37,113167,2,71.89,2
4666,25,161307,13,74.53,0
4667,39,2904851,9,67.07,14
4668,25,234833,11,59.55,0
4669,45,68120,6,44.8,7
4670,23,90768,9,35.12,1
4671,28,1014674,5,42.08,4
4672,36,55027,9,23.16,14
4673,31,94871,18,97.35,1
4674,28,123093,14,94.41,0
4675,31,57655,5,41.3,1
4676,49,142501,5,8.27,1
4677,27,52518,19,30.32,5
4678,18,63383,13,7.59,0
4679,25,76512,1,31.41,0
4680,41,155924,1,35.98,8
4681,44,214842,8,94.03,21
4682,35,18042850,9,81.3,11
4683,50,86144,8,79.44,13
4684,50,64003,12,47.02,14
4685,18,116137,13,12.65,0
4686,33,88806,16,64.26,0
4687,24,60880,18,39.47,2
4688,45,34920232,13,85.28,8
4689,26,89827,18,80.05,1
4690,35,164210,1,10.46,11
4691,37,3355246,18,63.68,5
4692,43,51854,7,22.56,4
4693,18,93732,6,89.34,1
4694,37,76137,15,29.27,13
4695,43,69356,4,31.52,11
4696,49,65468,10,58.15,26
4697,55,54454,12,92.68,13
4698,27,71195,14,76.39,1
4699,42,94714,14,93.26,5
4700,41,93957,19,10.57,3
4701,34,54269,7,77.82,11
4702,39,113809,3,68.67,14
4703,51,143325,8,15.96,4
4704,44,451779,19,59.09,20
4705,49,105184,14,58.06,23
4706,44,563469,2,46.03,17
4707,28,214248,1,8.91,0
4708,37,202479,14,49.96,3
4709,26,74223,18,85.63,3
4710,49,159844,17,44.14,4
4711,34,90352,2,96.03,4
4712,40,2406726,15,59.73,2
4713,37,68170,16,20.54,1
4714,44,1061701,10,38.89,12
4715,43,2110009,14,39.06,13
4716,33,254472,15,6.92,6
4717,39,71549,17,75.39,14
4718,18,393975,18,23.98,0
4719,47,239514,12,12.7,15
4720,18,184820,6,3.66,0
4721,48,75266,19,57.03,12
4722,33,84163,12,33.61,5
4723,37,52994,8,47.07,7
4724,41,114527,17,0.0,11
4725,19,69387,16,37.63,1
4726,28,208804,15,21.74,5
4727,27,59759,4,70.74,4
4728,36,175898,9,59.27,14
4729,41,93488,4,49.37,8
4730,24,108952,3,3.16,0
4731,37,73822,1,57.17,15
4732,25,141268,17,93.73,0
4733,49,1087705,17,85.86,4
4734,41,227222,14,77.71,7
4735,25,1345721,18,40.15,3
4736,50,57757,7,5.69,2
4737,45,898783,5,85.86,13
4738,43,66579,4,49.73,7
4739,40,185953,6,95.05,8
4740,42,184072,6,17.09,4
4741,37,74721,6,30.49,2
4742,43,93592,13,79.78,9
4743,28,60738,16,88.2,6
4744,18,235051,17,18.48,1
4745,42,71983,16,5.54,14
4746,19,959533,16,54.62,1
4747,34,51950,12,94.45,3
4748,27,77259,17,9.3,1
4749,52,125653,2,76.21,25
4750,26,99914,13,78.8,0
4751,18,148886,2,64.46,1
4752,53,122384,10,86.05,15
4753,50,52110,6,61.05,19
4754,22,70706,16,99.06,0
4755,37,51675,9,20.04,11
4756,55,194233,20,38.13,8
4757,37,51984,7,18.79,2
4758,28,52569,10,96.53,1
4759,45,315568,5,53.96,1
4760,47,72726,18,43.06,18
4761,42,113706,4,32.76,8
4762,32,181793,17,82.13,9
4763,49,73715,9,86.09,22
4764,31,74667,14,16.65,4
4765,21,54579,6,57.52,0
4766,49,59428,11,25.95,22
4767,30,107966,12,36.78,0
4768,40,1468414,9,54.68,1
4769,22,114039,10,80.91,1
4770,42,54617,13,42.23,11
4771,32,63333,14,2.82,6
4772,18,1319726,14,64.42,1
4773,45,116193,10,82.44,0
4774,55,236701,18,43.87,0
4775,46,57403,6,88.65,3
4776,21,667664,6,18.37,0
4777,32,50655,19,19.99,7
4778,47,71924,20,13.12,17
4779,32,81280,3,26.21,4
4780,31,75690,13,67.17,2
4781,24,65255,11,92.46,2
4782,46,687179,5,15.43,2
4783,18,144488,5,63.31,0
4784,50,143421,12,81.9,3
4785,39,2460280,7,14.49,5
4786,34,61786,3,95.08,9
4787,23,198634,15,21.79,1
4788,55,57158,2,78.36,20
4789,29,422781,3,29.47,1
4790,48,274188,19,30.27,1
4791,44,69191,5,47.04,1
4792,48,57866,14,76.38,26
4793,37,1397646,13,52.94,5
4794,32,161458,18,95.64,5
4795,31,67357,8,18.44,1
4796,41,170329,20,81.19,15
4797,33,86491,9,67.85,7
4798,42,51767,8,75.41,11
4799,37,1638907,10,62.5,14
4800,30,177798,8,80.01,3
4801,38,63216,13,29.12,14
4802,33,71586,13,88.66,7
4803,53,58909,11,81.83,7
4804,29,90206,8,48.97,3
4805,26,1532012,17,52.07,4
4806,41,3702685,18,3.46,0
4807,25,53716,9,21.64,2
4808,28,52280,16,6.01,4
4809,37,65197,10,10.2,0
4810,50,715608,4,97.33,21
4811,44,56278,20,36.64,2
4812,24,88434,9,33.04,2
4813,36,383474,6,96.73,5
4814,50,70298,7,6.63,17
4815,39,63822,2,96.11,1
4816,43,166597,8,89.57,9
4817,34,169896,2,45.27,1
4818,66,91741,17,93.99,35
4819,46,74301,16,68.41,18
4820,41,159667,4,83.68,5
4821,44,109501,9,79.39,8
4822,20,70934,20,84.52,1
4823,52,72952,16,96.07,5
4824,36,88067,13,72.43,13
4825,37,56064,2,92.9,0
4826,36,77698,12,69.91,5
4827,28,125364,4,53.26,6
4828,57,86809,3,50.96,19
4829,19,76218,17,42.81,1
4830,45,165942,9,73.19,13
4831,52,652345,20,57.47,10
4832,35,51401,19,80.84,9
4833,44,58628,17,98.68,17
4834,28,5099656,15,88.2,0
4835,38,116267,20,38.3,6
4836,36,140243,11,56.89,10
4837,31,56441,17,36.0,0
4838,45,101123,2,33.39,20
4839,44,75390,20,82.66,16
4840,46,60116,9,25.13,2
4841,21,69096,6,96.78,1
4842,34,114492,11,68.75,1
4843,55,62969,5,89.03,7
4844,39,246863,19,28.53,8
4845,25,81592,8,5.51,1
4846,24,53693,19,50.2,0
4847,45,54084,1,33.76,20
4848,47,99765,1,92.88,7
4849,43,60576,19,94.03,10
4850,25,448772,19,53.09,2
4851,37,50750,2,58.78,12
4852,52,61287,13,80.72,10
4853,36,535292,10,9.42,4
4854,24,80305,13,6.14,2
4855,41,76009,5,18.82,10
4856,47,99024,18,43.48,17
4857,62,147845,3,25.59,7
4858,35,88376,14,19.49,13
4859,18,60627,15,24.55,0
4860,41,138250,17,66.57,6
4861,27,230351,14,24.96,2
4862,30,160280,18,64.52,7
4863,42,142024,1,27.57,3
4864,25,92489,5,24.78,3
4865,39,347441,19,85.67,11
4866,26,200751,16,93.47,0
4867,33,140997,3,67.83,0
4868,34,64705,15,70.11,2
4869,28,95538,1,63.33,0
4870,30,806814,2,0.97,0
4871,49,203169,16,37.17,21
4872,49,78847,9,55.41,7
4873,36,866381,16,9.2,8
4874,51,53933,13,66.52,10
4875,42,51373,8,62.69,11
4876,47,57602,11,78.67,18
4877,42,72596,3,2.79,0
4878,31,278139,20,28.27,3
4879,40,71612,11,74.7,3
4880,38,92406,15,34.44,1
4881,61,963175,9,76.23,17
4882,52,113186,19,33.35,14
4883,42,109045,13,95.53,7
4884,31,120271,14,32.82,2
4885,48,152489,13,52.66,14
4886,27,73314,11,21.67,0
4887,40,52340,8,42.01,6
4888,18,56763,3,17.06,0
4889,43,62960,8,34.88,6
4890,38,80283,9,59.14,3
4891,40,352072,3,53.06,4
4892,27,351798,6,85.79,4
4893,33,166818,8,99.54,0
4894,38,106087,5,10.75,7
4895,46,53279,5,90.34,5
4896,46,1587227,14,77.55,0
4897,36,112775,20,90.29,6
4898,47,207874,19,11.39,18
4899,34,97835,7,82.44,2
4900,36,152016,1,95.84,0
4901,33,78789,10,3.48,0
4902,38,287104,17,57.71,7
4903,55,74973,17,87.67,12
4904,49,87544,13,76.74,10
4905,18,84758,10,47.03,1
4906,25,120377,18,47.26,2
4907,33,103128,5,64.49,10
4908,44,495430,3,79.92,5
4909,47,201715,20,84.35,2
4910,39,147651,20,32.11,11
4911,44,342232,19,35.0,15
4912,37,120901,11,47.68,13
4913,26,53640,12,86.37,1
4914,44,85280,7,92.06,11
4915,38,62342,18,52.04,14
4916,18,489772,9,52.81,1
4917,52,66260,10,12.35,5
4918,33,117962,13,97.67,3
4919,44,65271,14,22.4,21
4920,36,347157,20,17.0,5
4921,41,122613,1,16.41,18
4922,41,92645,10,22.66,9
4923,40,54572,6,80.87,7
4924,34,123701,17,24.74,4
4925,41,250692,11,47.59,15
4926,42,148399,1,91.98,9
4927,42,343836,7,83.98,0
4928,40,77548,1,24.39,14
4929,37,81128,13,30.02,12
4930,39,1109631,16,23.99,10
4931,27,79161,9,73.8,2
4932,45,69409,11,74.6,7
4933,42,247092,1,30.03,6
4934,50,50825,10,37.68,10
4935,30,134555,9,10.04,1
4936,37,56166,6,79.88,13
4937,51,325819,16,41.74,17
4938,34,362542,8,8.27,12
4939,37,55692,8,41.25,2
4940,45,64454,2,78.34,10
4941,35,90802,14,27.49,2
4942,39,100785,14,42.13,12
4943,48,117785,20,73.58,20
4944,32,1708760,5,11.52,7
4945,35,71646,19,31.49,7
4946,39,88367,9,13.29,8
4947,40,75477,20,98.02,14
4948,26,85966,7,81.02,0
4949,31,127007,9,6.4,6
4950,25,71464,18,84.92,0
4951,26,68054,20,87.28,3
4952,43,96628,20,10.43,9
4953,41,285200,9,80.82,8
4954,37,104558,3,89.82,11
4955,24,2570797,6,9.21,1
4956,39,50384,11,34.77,8
4957,47,177433,19,33.38,12
4958,35,91155,14,0.94,4
4959,27,210620,5,1.15,1
4960,26,238513,3,13.77,3
4961,30,252941,19,56.38,7
4962,32,631852,8,22.88,6
4963,48,75470,6,62.64,22
4964,28,5885278,15,83.23,3
4965,44,92540,12,47.85,11
4966,26,64612,15,16.76,2
4967,33,96414,1,13.75,2
4968,29,574253,12,21.16,4
4969,18,98228,18,79.8,1
4970,28,72153,16,64.06,4
4971,35,53804,3,82.66,6
4972,29,73998,5,87.57,0
4973,30,77968,1,10.18,5
4974,40,71590,8,30.28,9
4975,34,113405,14,92.37,1
4976,44,153591,7,96.26,9
4977,31,51261,7,18.74,8
4978,35,69342,15,11.5,13
4979,31,64508,15,6.34,0
4980,35,191431,8,91.16,3
4981,34,354318,5,1.91,4
4982,36,219729,10,22.53,12
4983,34,98156,14,49.69,12
4984,38,81066,13,2.07,7
4985,18,54582,6,85.14,0
4986,32,105713,7,31.65,1
4987,39,404922,20,82.65,8
4988,28,75352,7,96.71,4
4989,34,237967,9,84.17,11
4990,30,67875,1,64.36,1
4991,31,83488,17,37.78,5
4992,49,72400,11,51.82,22
4993,58,53648,6,25.85,25
4994,29,94922,12,27.83,0
4995,33,112580,16,33.96,9
4996,47,62841,3,0.5,19
4997,36,134620,19,74.04,6
4998,38,60220,8,8.23,16
4999,38,55904,18,21.77,2
5000,49,65734,13,68.21,12
5001,30,89378,16,72.84,2
5002,41,75959,19,47.35,0
5003,51,68031,3,25.36,20
5004,33,182084,3,31.24,0
5005,28,99599,20,58.22,5
5006,19,58577,13,39.09,1
5007,30,51229,3,59.84,5
5008,18,164885,12,78.06,1
5009,39,758213,7,24.14,16
5010,34,63574,6,24.26,4
5011,21,166723,3,48.94,1
5012,47,1325184,20,85.44,25
5013,38,53888,18,97.63,12
5014,27,235708,17,12.81,2
5015,46,169684,14,36.15,9
5016,38,54484,15,81.42,13
5017,40,68030,12,15.14,12
5018,31,253259,7,42.29,5
5019,33,56621,17,7.64,3
5020,24,43842470,1,48.55,2
5021,44,61680,3,87.28,10
5022,37,203243,2,36.62,6
5023,28,66003,4,38.91,2
5024,31,52217,1,44.71,9
5025,36,77150,8,15.04,2
5026,19,382886,13,98.14,1
5027,39,63877,1,60.09,6
5028,38,1253874,3,24.58,14
5029,29,188765,9,90.19,3
5030,23,304136,17,21.43,1
5031,40,70811,4,51.12,1
5032,45,66138,20,89.87,12
5033,32,141280,9,62.11,1
5034,21,57589,18,66.93,1
5035,43,99977272,5,61.78,9
5036,45,107269,15,85.97,18
5037,41,88685,8,45.57,13
5038,47,105013,1,7.68,2
5039,47,173271,11,37.4,8
5040,46,213802,12,36.98,17
5041,37,77106,4,81.96,3
5042,33,194811,5,48.75,2
5043,31,1545645,8,47.56,9
5044,59,57555,15,95.69,19
5045,40,136463,3,64.84,0
5046,18,52591,12,30.4,0
5047,43,54631,9,27.01,21
5048,32,58051,20,94.81,8
5049,37,73169,14,66.07,7
5050,33,61626,13,15.81,6
5051,50,3147136,4,65.64,9
5052,47,145771,16,28.99,3
5053,18,123572,5,13.9,1
5054,32,712592,1,31.73,10
5055,37,1508068,9,64.48,14
5056,31,438319,6,42.47,6
5057,22,228759,5,52.29,0
5058,43,156594,6,5.18,2
5059,40,110015,18,74.93,13
5060,39,54573,3,27.05,14
5061,36,75695,4,18.56,8
5062,23,338002,5,71.73,0
5063,23,77237,13,67.95,1
5064,34,54560,5,77.89,4
5065,23,92883,13,97.53,1
5066,43,62906,18,42.81,5
5067,33,115826,19,10.59,2
5068,18,107552,16,49.42,1
5069,41,119843,7,52.06,7
5070,30,89919,8,48.11,6
5071,35,116388,4,29.08,1
5072,39,4022684,14,11.02,4
5073,31,50499,19,49.47,3
5074,42,69228,20,15.46,16
5075,41,97668,4,78.89,13
5076,29,317895,11,48.14,2
5077,21,55752,18,70.8,1
5078,22,330129,15,38.73,1
5079,44,61299,20,56.28,13
5080,57,108731,8,93.4,27
5081,50,92920,15,50.98,10
5082,18,83238,14,79.16,1
5083,48,61117,12,45.62,21
5084,39,103532,11,18.95,8
5085,37,65087,1,90.51,0
5086,29,52910,2,8.85,2
5087,20,171758,8,80.61,1
5088,20,133603,18,9.97,0
5089,40,209659,5,80.07,6
5090,29,72865,11,30.54,6
5091,45,95794,17,84.53,7
5092,26,397002,7,54.91,1
5093,29,60408,1,24.53,6
5094,53,496744,1,12.37,10
5095,45,70370,16,6.21,4
5096,30,80662,15,95.76,5
5097,34,84119,15,85.41,5
5098,30,161211,20,85.75,1
5099,53,260057,15,2.47,12
5100,53,241392,7,72.24,24
5101,33,85599,3,55.5,4
5102,41,3706502,13,54.72,15
5103,26,1046848,11,14.02,3
5104,32,91169,16,14.41,8
5105,37,126392,13,84.92,12
5106,32,164853,8,48.85,2
5107,18,114422,3,2.87,0
5108,30,455258,11,87.68,0
5109,45,958404,3,84.39,3
5110,40,64031,8,39.74,1
5111,36,77084,8,34.18,10
5112,45,53647,15,94.4,0
5113,20,51708,6,74.28,1
5114,32,328004,2,36.03,0
5115,29,79919,9,11.53,0
5116,43,78602,13,59.9,7
5117,26,51361,11,75.04,0
5118,41,178675,15,84.55,8
5119,66,77665,12,68.44,42
5120,31,79526,10,16.22,9
5121,32,583709,15,41.42,5
5122,38,54630,1,43.37,15
5123,30,55090,14,54.6,3
5124,41,87920,3,40.41,18
5125,35,189799,5,65.24,6
5126,44,56417,5,67.75,17
5127,18,151317,14,68.23,1
5128,36,122240,4,81.98,12
5129,42,51610,10,88.72,19
5130,36,74557,11,42.54,7
5131,18,77141,6,92.84,1
5132,42,73070,4,50.14,15
5133,40,13888193,18,5.12,5
5134,33,53259,18,6.83,1
5135,42,86873,11,23.61,3
5136,37,133217,9,38.37,0
5137,62,97169,17,3.64,34
5138,27,63791,13,21.22,3
5139,26,204552,3,52.18,4
5140,18,54480,4,8.69,1
5141,36,112633,1,34.03,11
5142,51,72679,13,27.39,28
5143,40,254175,11,90.81,15
5144,34,67565,15,94.28,11
5145,28,315993,10,91.01,3
5146,34,130557,5,9.75,1
5147,45,187858,3,44.72,17
5148,18,62206,12,34.22,1
5149,33,63038,9,98.35,10
5150,31,104257,5,56.07,1
5151,46,221804,12,93.59,22
5152,37,227645,16,20.98,4
5153,53,55613,13,54.24,26
5154,34,102580,14,6.1,0
5155,35,58331,17,42.27,3
5156,18,195176,17,58.89,1
5157,47,314790,14,42.51,4
5158,19,540954,6,26.35,0
5159,43,66007,15,0.21,19
5160,37,142582,5,60.58,2
5161,31,246627,16,54.23,4
5162,24,117246,4,63.75,2
5163,42,220527,11,75.35,15
5164,30,87649,18,36.05,8
5165,37,63262,6,86.2,1
5166,36,118327,19,72.44,0
5167,20,67549,3,47.79,0
5168,32,113399,10,16.01,10
5169,35,1167047,13,62.68,4
5170,32,65777,9,56.18,7
5171,32,340647,17,49.32,6
5172,38,63239,6,66.1,1
5173,40,58058,11,37.67,14
5174,40,4785220,10,63.44,18
5175,23,288023,9,48.96,1
5176,35,195897,14,31.12,8
5177,34,128303,5,25.95,11
5178,34,62126,9,47.85,1
5179,47,126912,11,69.33,9
5180,20,99485,6,79.67,1
5181,27,71649,12,36.69,0
5182,23,51476,3,43.12,0
5183,44,126931,10,33.66,10
5184,49,66373,9,31.26,6
5185,39,157195,3,62.57,10
5186,36,189743,10,83.35,5
5187,20,80496,13,8.3,0
5188,28,1081225,6,7.9,6
5189,30,756357,14,72.09,0
5190,28,193261,9,30.34,5
5191,28,148442,6,13.32,1
5192,55,72145,6,64.04,29
5193,27,10735396,6,44.85,0
5194,28,68898,1,76.57,0
5195,33,58856,9,17.54,10
5196,25,70589,4,23.1,0
5197,36,59519,7,24.1,3
5198,28,437772,15,65.41,0
5199,27,51745,10,12.35,3
5200,25,228008,20,11.55,1
5201,40,136724,17,2.12,12
5202,45,85638,5,59.33,4
5203,43,56137,20,53.42,17
5204,47,260494,19,71.88,25
5205,29,55067,19,72.11,4
5206,32,100714,8,49.26,0
5207,45,183404,12,7.03,4
5208,30,179008,17,26.56,3
5209,38,78783,5,81.59,7
5210,27,91420,7,22.52,1
5211,36,52243,9,51.35,0
5212,40,3013764,3,23.97,6
5213,37,73082,17,32.38,9
5214,32,141053,7,80.45,7
5215,39,322586,1,40.94,1
5216,52,57737,13,97.29,25
5217,22,352491,1,84.06,1
5218,30,90050,19,18.2,8
5219,31,53697,17,95.58,9
5220,43,163292,13,43.12,4
5221,40,58072,14,26.25,18
5222,28,59423,8,46.51,0
5223,53,71128,6,96.71,21
5224,32,115912,15,37.62,10
5225,36,144515,3,66.17,10
5226,27,70706,18,16.67,4
5227,45,84402,5,67.18,0
5228,23,95813,16,16.25,0
5229,25,3058554,5,69.59,2
5230,36,92929,15,4.65,9
5231,50,146448,19,61.19,18
5232,27,55548,5,73.65,0
5233,43,163408,6,3.99,18
5234,40,1067188,15,10.42,17
5235,18,603878,13,97.36,0
5236,59,284555,20,51.8,27
5237,36,248614,16,87.31,9
5238,35,171059,19,64.66,4
5239,43,481532,9,78.62,2
5240,40,62294,12,23.05,0
5241,45,50453,1,66.14,22
5242,31,86137,20,99.51,4
5243,25,143481,8,54.4,0
5244,45,397976,9,34.16,5
5245,19,450898,18,76.86,0
5246,32,853948,14,33.3,1
5247,22,82566,2,99.34,0
5248,44,109523,13,94.63,16
5249,58,54327,12,51.44,10
5250,39,174500,12,48.81,1
5251,24,58325,16,45.38,2
5252,26,71787,1,64.83,1
5253,39,116431,9,12.63,1
5254,27,93682,11,45.58,0
5255,36,95380,7,9.82,3
5256,43,65854,15,94.18,17
5257,43,82365,20,37.95,3
5258,29,9600504,19,96.4,4
5259,19,613372,17,31.41,0
5260,38,2518444,3,13.16,10
5261,59,413879,15,89.65,15
5262,40,116367,7,93.37,13
5263,33,119644,7,26.79,1
5264,31,2519597,2,5.05,7
5265,54,578603,15,4.28,21
5266,47,148696,8,73.96,4
5267,55,97859,6,15.69,26
5268,31,66860,15,19.08,4
5269,44,129889,16,63.02,18
5270,29,233927,13,0.73,3
5271,27,59922,20,64.97,4
5272,47,66985,15,6.45,12
5273,46,83353,17,85.9,15
5274,46,762892,11,16.61,16
5275,32,73618,19,86.07,4
5276,39,4408968,15,50.28,10
5277,32,117680,7,71.79,10
5278,37,60008,19,71.93,14
5279,56,61007,3,24.01,32
5280,32,85838,7,44.58,6
5281,34,127944,9,78.85,9
5282,45,121832,12,55.82,21
5283,49,81230,20,55.61,17
5284,18,73141,1,81.75,1
5285,34,50654,1,83.63,9
5286,37,61330,5,62.6,0
5287,31,77108,3,9.55,9
5288,47,58295,5,26.09,11
5289,31,259092,6,53.01,6
5290,32,79596,14,96.45,3
5291,28,53134,19,42.95,2
5292,27,52341,12,92.8,3
5293,26,81302,6,15.79,4
5294,36,825404,7,90.42,11
5295,18,246907,7,99.66,0
5296,29,2542216,14,27.01,1
5297,25,215997,7,92.6,0
5298,26,777927,2,49.72,2
5299,43,132321,14,14.3,19
5300,38,56689,19,62.64,8
5301,44,67458,4,35.33,6
5302,58,152994,12,84.65,10
5303,42,85803,2,68.46,20
5304,36,114886,11,34.32,10
5305,24,138000,13,33.66,0
5306,27,56116,10,65.82,1
5307,28,73694,17,75.69,1
5308,30,137593,2,34.63,4
5309,25,84123,10,48.93,0
5310,51,274447,9,84.67,17
5311,27,861617,2,55.31,5
5312,43,66570,16,14.73,13
5313,23,800060,16,87.34,1
5314,23,188253,7,39.1,1
5315,43,100786,9,83.21,4
5316,36,61338,15,64.79,12
5317,35,119705,3,47.72,11
5318,53,561177,3,53.92,23
5319,35,89973,18,12.6,7
5320,39,882607,12,47.03,13
5321,51,160974,17,79.07,24
5322,41,94479,13,28.83,15
5323,20,129632,7,84.98,0
5324,28,105571,16,91.07,5
5325,28,84908,13,20.86,0
5326,38,358805,12,72.08,12
5327,42,58389,19,84.91,3
5328,45,304565,17,5.25,6
5329,35,165914,12,66.0,8
5330,43,545994,8,97.99,8
5331,33,4777196,7,48.2,5
5332,23,128766,11,53.42,1
5333,36,83160,13,81.75,10
5334,32,79537,7,40.19,9
5335,30,169509,1,75.3,5
5336,35,80464,14,41.92,13
5337,42,1220018,6,15.27,1
5338,42,119407,16,23.63,9
5339,39,70820,3,52.61,7
5340,40,123541,14,71.59,1
5341,36,56876,2,93.4,6
5342,20,60530,10,85.34,0
5343,44,73073,2,72.72,10
5344,18,50820,15,52.03,1
5345,30,268082,7,62.18,0
5346,48,65462,14,35.75,5
5347,35,73876,8,30.66,1
5348,33,83358,10,40.84,4
5349,45,493502,10,16.74,22
5350,30,224752,1,89.74,7
5351,38,66548,13,30.01,2
5352,41,146468,2,88.36,9
5353,41,85221,1,5.56,12
5354,21,251547,7,88.41,0
5355,44,159341,19,58.47,8
5356,42,75681,9,84.16,13
5357,33,118636,12,45.67,8
5358,45,81772,11,36.67,20
5359,43,172800,12,67.43,19
5360,26,55928,14,6.25,3
5361,31,200696,4,75.21,0
5362,46,1038564,12,7.32,6
5363,39,210664,7,33.13,16
5364,38,492339,18,83.4,4
5365,45,1369681,9,97.65,0
5366,38,114261,3,98.42,12
5367,38,63786,15,63.13,4
5368,46,64757,12,49.5,23
5369,40,85630,20,83.92,11
5370,38,135673,7,92.76,12
5371,36,158920,1,10.25,13
5372,57,65060,16,32.77,2
5373,18,101770,11,82.65,0
5374,26,240353,2,9.78,3
5375,54,54390,1,78.56,20
5376,52,55030,15,44.55,29
5377,23,53466,10,65.75,1
5378,59,172133,11,49.95,14
5379,39,398750,8,89.9,13
5380,28,68787,14,28.55,6
5381,36,153551,16,79.6,10
5382,50,359172,18,48.38,5
5383,42,107813,1,89.9,3
5384,48,54294,9,2.71,5
5385,34,73597,20,31.0,2
5386,31,111673,8,59.22,5
5387,29,540166,20,93.07,6
5388,47,53498,9,32.03,11
5389,43,70583,8,4.08,9
5390,21,135282,13,36.85,1
5391,53,74892,15,83.52,12
5392,35,53340,11,2.99,9
5393,28,145745,12,87.37,4
5394,36,70517,17,4.66,8
5395,44,90549,14,34.77,7
5396,33,99888,7,74.44,9
5397,37,63290,10,20.49,12
5398,36,777393,20,88.55,12
5399,36,1168076,4,50.87,4
5400,44,51584,9,32.65,5
5401,41,50774,6,22.65,5
5402,18,53950,17,21.16,0
5403,46,59024,10,6.02,22
5404,41,1384548,10,31.0,18
5405,30,86544,12,82.03,2
5406,40,7132455,4,21.46,5
5407,36,60654,6,87.57,5
5408,30,333879,5,77.33,0
5409,32,410863,2,9.36,2
5410,33,86447,8,70.9,1
5411,25,203122,8,57.68,0
5412,18,185937,18,62.34,1
5413,37,60821,6,43.7,0
5414,27,448703,19,36.21,2
5415,23,153374,7,68.6,1
5416,49,52869,5,48.98,20
5417,47,78108,10,4.6,12
5418,21,51503,12,38.35,1
5419,33,187282,9,5.28,4
5420,28,372096,6,99.95,3
5421,18,83995,19,77.2,0
5422,33,380418,4,69.02,1
5423,33,4022007,17,55.68,0
5424,48,52462,10,61.23,12
5425,37,57420,4,82.67,2
5426,34,135822,5,0.45,3
5427,32,58619,12,99.34,7
5428,37,121291,14,79.47,6
5429,39,51468,18,86.64,7
5430,48,348591,1,23.4,3
5431,33,87490,17,23.58,3
5432,54,80519,2,30.32,2
5433,34,2089134,3,10.82,8
5434,23,289496,16,43.74,1
5435,36,61070,17,5.32,10
5436,34,75382,4,3.33,9
5437,19,59914,16,48.49,1
5438,48,11566773,15,1.06,9
5439,40,2695211,16,73.02,16
5440,18,242659,2,44.86,0
5441,18,61973,15,66.73,1
5442,44,56554,9,6.51,20
5443,37,99041,15,21.27,7
5444,34,94433,3,60.58,2
5445,48,53861,18,92.26,21
5446,53,50407,14,76.1,13
5447,25,125323,19,70.67,2
5448,32,76399,13,20.5,0
5449,42,228937,12,53.11,15
5450,50,110323,4,16.81,20
5451,41,719744,17,76.05,15
5452,42,59321,1,18.92,1
5453,50,164256,7,65.36,7
5454,19,59618,19,22.13,0
5455,35,55318,9,75.23,7
5456,24,148769,9,81.82,2
5457,22,65500,7,46.57,1
5458,25,359855,9,34.97,0
5459,20,770283,11,68.27,0
5460,22,525079,3,78.63,1
5461,35,64155,2,93.53,4
5462,29,243785,10,69.57,5
5463,22,404128,20,80.71,0
5464,32,565861,6,7.14,2
5465,33,6540551,4,59.49,11
5466,23,80906,12,86.73,0
5467,37,74305,3,33.61,15
5468,45,54744,4,3.71,11
5469,28,103257,9,62.98,6
5470,32,90266,20,64.93,9
5471,47,290276,13,99.59,7
5472,33,466615,9,82.61,7
5473,47,85548,7,67.31,21
5474,45,61197,16,98.92,17
5475,42,191130,15,48.39,19
5476,30,345877,8,82.54,3
5477,25,76596,5,64.66,0
5478,41,359471,19,85.0,17
5479,42,1008984,13,58.44,10
5480,37,1122350,4,63.52,15
5481,28,414409,7,10.87,4
5482,46,72478,8,50.05,4
5483,40,289870,14,85.21,4
5484,34,84328,19,35.2,6
5485,21,74453,11,92.16,1
5486,40,63824,16,66.4,3
5487,37,80614,8,15.67,12
5488,41,78336,5,69.36,10
5489,44,122650,13,6.66,4
5490,32,63503,3,89.79,4
5491,24,424081,14,8.16,1
5492,38,10322546,3,0.13,9
5493,47,259601,9,81.74,11
5494,26,156064,9,53.45,0
5495,44,125608,2,60.0,1
5496,32,66259,7,86.55,3
5497,35,88132,17,66.18,12
5498,28,77970,20,39.15,1
5499,32,61433,20,49.12,7
5500,30,71057,5,0.68,1
5501,29,109240,15,14.58,7
5502,39,195391,13,50.17,3
5503,27,88972,5,60.19,2
5504,31,92327,13,61.9,0
5505,26,201632,18,4.28,2
5506,21,159375,13,66.96,0
5507,44,179107,9,30.61,3
5508,31,54776,19,19.64,0
5509,25,54149,1,16.78,0
5510,28,179485,5,59.35,4
5511,57,81098,20,58.19,26
5512,47,58027,15,80.13,14
5513,30,55339,4,21.3,0
5514,23,101577,7,37.44,1
5515,61,283581,17,85.33,31
5516,34,111881,15,0.59,9
5517,35,53019,13,99.44,5
5518,34,65854,4,76.55,7
5519,41,51377,1,22.17,15
5520,37,77111,15,79.81,14
5521,46,101159,7,48.43,7
5522,53,200897,6,89.57,18
5523,47,229049,11,99.7,8
5524,46,51995,6,74.1,23
5525,36,107808,16,30.26,6
5526,24,2642108,12,16.7,2
5527,65,394190,17,87.03,26
5528,48,66190,18,20.94,16
5529,36,902302,13,47.53,8
5530,31,97547,3,99.25,4
5531,47,61665,8,93.12,7
5532,40,531787,19,26.29,8
5533,18,58049,14,96.2,0
5534,29,56822,10,69.37,1
5535,45,58836,16,86.91,6
5536,33,122303,14,95.67,0
5537,42,74327,6,1.19,20
5538,44,58085,15,33.02,21
5539,43,64135,1,46.4,20
5540,40,61205,8,89.57,1
5541,32,147564,2,85.24,0
5542,31,101995,10,16.57,8
5543,46,1493574,18,67.23,22
5544,34,879494,7,14.63,1
5545,33,54715,8,75.43,3
5546,28,51633,15,12.31,2
5547,33,820124,16,36.29,1
5548,24,57075,19,78.08,0
5549,25,117581,2,43.41,1
5550,48,67869,16,56.46,15
5551,30,389256,13,87.25,2
5552,37,113785,13,54.24,9
5553,47,128471,3,99.65,6
5554,36,278322,6,23.59,0
5555,35,78807,13,7.91,13
5556,36,54553,4,2.76,4
5557,36,58968,15,68.2,12
5558,38,77857,6,32.45,10
5559,37,1032675,14,96.53,9
5560,36,101500,19,27.61,2
5561,40,71953,19,9.18,13
5562,37,93093,18,74.49,1
5563,30,239313,2,21.36,3
5564,31,804321,15,84.77,7
5565,47,81330,7,30.12,7
5566,33,53993,12,43.2,0
5567,42,52557,11,0.0,13
5568,31,177533,13,20.65,4
5569,28,55703,2,24.89,4
5570,30,178381,13,59.82,3
5571,36,118023,1,85.6,5
5572,32,336848,18,78.51,6
5573,30,580645,8,31.84,1
5574,42,193744,11,90.69,20
5575,18,55633,5,10.83,1
5576,18,255372,20,6.65,0
5577,36,59951,18,12.92,9
5578,26,250441,13,66.27,3
5579,40,263900,10,47.39,2
5580,30,52497,8,61.93,2
5581,36,101648,10,56.87,6
5582,33,8778500,10,94.49,4
5583,43,4460141,17,8.95,17
5584,28,1054058,12,97.25,3
5585,18,119268,1,17.2,1
5586,28,55575,14,40.98,1
5587,46,214959,17,74.65,17
5588,20,64188,3,29.92,0
5589,41,67512,6,31.36,3
5590,42,146091,18,12.35,9
5591,44,57406,1,3.34,2
5592,38,208999,1,90.58,3
5593,18,66744,15,83.44,1
5594,22,114038,12,99.73,1
5595,43,159625,18,17.91,4
5596,41,2362537,3,94.82,12
5597,21,51397,1,71.37,0
5598,37,117395,8,38.31,14
5599,32,65726,13,75.97,5
5600,23,271473,2,85.29,1
5601,36,56416,7,71.14,14
5602,38,52682,9,95.86,2
5603,57,255358,1,69.67,8
5604,35,56896,3,50.01,5
5605,44,373940,3,8.74,9
5606,23,64104,11,28.21,1
5607,34,55907,4,25.27,9
5608,39,3461874,3,10.08,0
5609,29,136564,3,57.43,3
5610,38,199723,19,28.24,10
5611,52,147122,17,67.42,23
5612,18,59091,4,9.88,1
5613,28,96786,6,13.74,5
5614,48,63817,4,26.04,12
5615,41,55389,9,47.43,15
5616,35,116214,14,10.99,3
5617,32,210687,9,11.01,6
5618,51,135261,18,92.53,12
5619,53,381201,13,7.1,26
5620,60,1087847,6,61.74,23
5621,27,93246,5,99.14,0
5622,39,57678,20,68.13,5
5623,35,78746,3,5.77,8
5624,44,4149400,2,77.63,11
5625,37,74597,4,69.19,7
5626,46,129239,12,84.74,22
5627,28,83483,20,58.65,2
5628,44,57936,19,73.26,14
5629,24,984081,14,67.74,1
5630,34,183355,13,71.07,12
5631,29,1259044,7,51.57,0
5632,42,163586,9,74.47,5
5633,25,236653,4,35.05,2
5634,21,59155,7,84.27,0
5635,27,60526,18,8.19,1
5636,34,96595,5,71.04,9
5637,27,59575,9,54.69,5
5638,39,76130,18,29.24,0
5639,36,70228,1,50.46,8
5640,28,166548,20,20.15,6
5641,39,160042,2,76.62,4
5642,35,172824,17,99.71,5
5643,18,323458,11,31.77,1
5644,49,54277,19,84.53,20
5645,28,310747,12,94.67,4
5646,54,50450,10,9.78,23
5647,27,130657,1,70.18,2
5648,41,792129,11,36.1,18
5649,42,158015,13,94.33,9
5650,38,62944,13,74.35,13
5651,29,67920,3,87.52,5
5652,22,102481,8,89.15,1
5653,38,661596,11,75.88,10
5654,47,93823,17,1.37,9
5655,44,124032,13,80.58,1
5656,44,86509,10,12.97,7
5657,41,57817,4,89.37,9
5658,50,60643,8,75.41,19
5659,43,391146,6,42.24,12
5660,36,311484,17,82.24,0
5661,55,381161,18,2.57,30
5662,36,249342,13,82.67,7
5663,42,584564,7,71.23,16
5664,32,52899,13,40.25,2
5665,21,332869,6,52.62,1
5666,31,58276,2,79.31,6
5667,28,59417,12,15.21,0
5668,39,57328,14,0.29,13
5669,49,134013,7,46.51,19
5670,27,59539,20,86.35,4
5671,30,185442,14,56.58,7
5672,39,1323818,12,99.25,5
5673,64,351162,14,74.72,37
5674,20,878671,16,70.79,0
5675,28,91239,9,59.25,3
5676,42,78253,13,24.52,5
5677,29,58230,17,89.66,0
5678,45,55517,8,51.34,22
5679,38,50276,19,23.04,4
5680,45,642505,9,49.58,0
5681,31,67971,9,66.18,3
5682,51,50043,10,62.63,21
5683,39,85461,6,67.49,17
5684,36,381275,11,42.72,4
5685,35,61226,20,78.51,2
5686,31,58437,3,94.78,9
5687,29,61260,17,44.46,3
5688,24,72239,15,72.36,1
5689,18,136527,20,11.34,1
5690,27,57762,11,97.89,4
5691,62,78732,1,92.45,31
5692,22,206898,1,14.76,0
5693,37,87032,16,42.73,1
5694,44,53465,18,36.98,14
5695,40,118999,11,34.83,0
5696,24,241247,5,91.93,0
5697,18,298274,20,92.39,0
5698,35,238325,6,71.76,13
5699,33,71004,12,16.81,3
5700,33,95504,19,80.03,9
5701,36,309109,2,23.9,8
5702,26,79977,12,10.6,1
5703,43,62674,1,69.19,6
5704,34,1845923,14,81.11,9
5705,32,57664,6,68.62,2
5706,38,50058,20,31.68,13
5707,47,528978,3,1.29,18
5708,51,189352,11,42.54,18
5709,22,121502,18,17.53,0
5710,38,107200,5,90.95,6
5711,48,1051728,5,28.28,5
5712,28,62554,5,19.14,5
5713,32,358135,5,13.57,0
5714,43,73116,15,1.19,18
5715,23,210736,17,97.65,1
5716,35,55165,2,96.8,5
5717,19,63128,8,84.9,1
5718,48,61160,16,34.55,3
5719,29,143613,9,89.39,0
5720,32,61009,9,65.16,3
5721,44,84362,1,11.11,3
5722,32,62299,11,12.88,2
5723,43,121047,7,59.6,15
5724,40,546682,10,84.65,15
5725,26,83153,3,27.04,4
5726,19,77579,20,5.27,0
5727,42,57630,8,98.23,5
5728,45,396129,11,9.7,14
5729,44,98234,3,47.27,1
5730,39,91832,7,18.76,11
5731,40,225438,6,96.81,4
5732,45,133699,18,12.97,1
5733,32,77686,19,61.48,0
5734,26,428110,1,43.77,2
5735,41,349027,20,61.65,13
5736,35,60206,5,57.75,10
5737,54,101463,15,16.71,2
5738,28,60401,15,17.46,6
5739,32,65553,4,78.4,8
5740,26,291194,5,50.55,3
5741,45,179187,15,46.25,23
5742,34,17976470,8,99.38,0
5743,27,159810,14,9.83,5
5744,50,54756,13,54.31,14
5745,44,643592,8,99.19,2
5746,40,72992,13,9.58,1
5747,30,172525,1,1.77,3
5748,37,228051,19,43.65,3
5749,18,132597,8,18.41,0
5750,37,135190,12,29.77,10
5751,33,56167,13,39.01,6
5752,38,185548,5,95.77,15
5753,25,62901,13,78.03,3
5754,37,50599,2,64.01,7
5755,25,1736115,9,68.84,1
5756,31,75782,19,94.93,4
5757,29,58269,12,8.79,7
5758,28,63641,18,98.12,3
5759,29,94194,9,25.51,6
5760,24,170366,20,10.75,1
5761,34,322415,19,83.56,2
5762,53,195780,10,61.79,6
5763,38,252879,19,48.84,0
5764,49,982945,5,16.72,27
5765,34,61143,10,7.63,12
5766,27,65733,15,11.53,1
5767,41,58252,7,9.49,17
5768,24,69649,6,51.33,0
5769,39,444440,19,10.35,7
5770,45,355155,5,98.95,15
5771,22,191690,16,6.58,1
5772,45,80283,13,94.12,10
5773,40,92559,6,83.14,1
5774,18,1248185,11,31.78,0
5775,29,122800,20,69.21,6
5776,37,69757,2,36.74,9
5777,44,52482,6,61.65,6
5778,51,87163,17,18.21,8
5779,36,225573,20,20.42,9
5780,35,134755,3,7.93,5
5781,39,58450,10,6.31,6
5782,35,85843,10,34.57,2
5783,38,72274,7,64.6,14
5784,60,94151,14,85.17,19
5785,34,66080,7,56.0,4
5786,32,213761,9,90.38,10
5787,38,90660,14,8.82,4
5788,33,226034,6,9.51,6
5789,40,80123,18,81.26,1
5790,36,65487,3,75.31,5
5791,19,85186,12,53.15,0
5792,18,80976,1,92.71,1
5793,38,100996,20,48.72,3
5794,32,54176,15,2.38,6
5795,18,59593,11,14.59,1
5796,23,153477,11,20.78,0
5797,18,69978,7,98.53,1
5798,33,551755,2,88.98,4
5799,32,68238,20,49.09,8
5800,18,246175,4,49.88,1
5801,27,640808,4,54.06,3
5802,32,162947,19,91.51,1
5803,25,96323,14,16.14,3
5804,35,257443,18,79.04,3
5805,32,122675,4,9.71,2
5806,31,84918,2,76.09,7
5807,31,66490,9,51.04,7
5808,23,5058877,2,66.45,0
5809,40,95577,10,62.77,4
5810,36,271551,11,75.42,1
5811,50,57544,17,90.1,10
5812,28,97284,6,7.81,6
5813,53,60578,6,20.2,30
5814,47,57908,4,50.56,5
5815,37,93035,10,54.78,6
5816,26,605998,9,9.34,1
5817,22,94324,13,42.98,0
5818,61,50362,9,17.27,29
5819,20,53048,20,81.77,0
5820,50,53730,16,40.94,22
5821,30,1024461,15,35.52,4
5822,33,126941,1,86.11,0
5823,38,84755,15,14.79,3
5824,29,90191,4,16.05,4
5825,23,52581,4,10.76,0
5826,42,139110,13,75.68,18
5827,47,65829,10,89.41,17
5828,45,54346,3,76.64,22
5829,44,178065,4,21.3,9
5830,49,111312,4,44.38,19
5831,30,145420,17,71.77,2
5832,42,75625,1,85.13,11
5833,41,50577,3,2.82,8
5834,40,167163,20,60.03,11
5835,28,107683,15,73.29,1
5836,44,61868,19,7.42,14
5837,23,59526,5,9.47,1
5838,29,126580,12,78.1,5
5839,32,67826,16,51.98,3
5840,49,178090,15,39.48,7
5841,43,150051,2,35.12,21
5842,26,57707,1,45.5,3
5843,36,71569,11,93.15,12
5844,31,210720,3,20.45,6
5845,42,52836,20,1.59,0
5846,28,1595088,6,32.09,2
5847,27,114949,17,41.79,2
5848,28,28593875,19,65.1,5
5849,36,192678,2,47.61,14
5850,27,382917,4,34.61,4
5851,48,117411,13,20.44,1
5852,33,82226,1,27.6,7
5853,28,101427,3,26.59,4
5854,42,50545,15,77.31,13
5855,29,82620,15,2.1,5
5856,45,57354,13,23.97,4
5857,33,57047,7,65.19,0
5858,47,162124,1,81.97,20
5859,66,82955,1,50.19,44
5860,34,68867,6,93.93,0
5861,31,124084,6,44.66,1
5862,51,290596,7,43.04,24
5863,51,50019,20,88.02,22
5864,37,115198,16,34.53,12
5865,50,211518,20,16.24,7
5866,34,344328,15,88.22,0
5867,32,2182012,12,14.54,4
5868,23,201764,2,16.9,0
5869,37,174073,4,92.99,12
5870,25,81429,10,64.86,1
5871,43,208017,5,76.03,21
5872,26,343970,11,85.21,3
5873,44,57557,5,1.6,18
5874,46,331708,11,85.01,24
5875,31,79832,8,58.89,1
5876,35,337847,4,28.03,10
5877,43,90990,9,90.3,12
5878,27,77989,20,75.52,2
5879,41,72001,12,58.79,9
5880,36,147587,14,50.64,9
5881,41,67517,16,91.78,0
5882,35,103230,16,28.82,12
5883,37,110163,5,75.65,9
5884,32,80162,18,27.08,4
5885,40,52923,11,61.8,14
5886,26,246945,5,16.17,4
5887,27,118910,19,59.44,1
5888,22,55604,19,39.91,0
5889,24,136315,13,93.33,1
5890,34,80602,12,77.92,5
5891,39,62271,17,6.38,17
5892,29,66205,13,37.49,5
5893,18,333778,19,61.18,0
5894,38,68119,2,97.86,12
5895,27,851085,2,45.04,3
5896,31,56462,9,79.4,4
5897,33,132033,12,48.25,4
5898,45,71881,20,15.25,1
5899,35,768911,15,15.34,4
5900,35,102656,20,76.09,4
5901,46,50166,19,59.51,12
5902,49,54617,16,82.52,5
5903,24,76027,9,11.1,2
5904,45,52647,11,3.57,22
5905,28,102574,13,3.94,5
5906,36,511373,9,10.72,12
5907,43,74919,9,1.3,19
5908,34,119627,10,92.39,9
5909,34,60534,5,88.01,8
5910,42,224145,13,9.65,4
5911,28,221099,1,0.82,3
5912,30,5462139,1,76.27,4
5913,48,87842,2,94.5,18
5914,35,100002,10,72.79,6
5915,41,100955,12,42.25,11
5916,42,130387,7,56.33,3
5917,26,93075,4,82.83,4
5918,46,441841,19,81.25,10
5919,25,57613,7,61.07,0
5920,45,134485,11,37.3,10
5921,46,125637,2,32.59,2
5922,53,67272,14,36.23,28
5923,22,159775,6,83.83,1
5924,46,256044,13,78.95,23
5925,23,54734,3,9.35,1
5926,38,104515,1,86.55,4
5927,29,84982,11,24.8,0
5928,32,246435,14,20.86,7
5929,43,76356,15,10.7,5
5930,36,3860135,2,6.24,14
5931,35,694213,2,25.57,2
5932,48,72466,16,11.43,23
5933,36,58440,17,63.99,6
5934,48,987438,20,66.04,0
5935,30,211301,18,82.09,7
5936,22,70548,10,21.58,0
5937,35,150706,4,11.51,4
5938,41,93347,6,89.15,10
5939,30,53307,13,52.64,0
5940,46,252423,19,77.83,19
5941,28,76852,12,68.64,4
5942,20,207545,20,48.03,1
5943,29,59522,7,83.08,1
5944,56,50005,13,50.6,24
5945,36,152846,8,67.83,13
5946,22,94732,6,25.02,1
5947,30,320354,9,83.52,2
5948,35,442757,17,71.05,10
5949,34,76368,6,20.68,2
5950,26,57455,5,90.89,2
5951,28,233004,8,75.63,6
5952,27,119516,17,10.01,4
5953,18,56573,16,9.5,0
5954,36,295307,13,46.08,1
5955,37,75311,9,32.32,6
5956,40,98867,9,16.78,16
5957,46,2358853,4,0.54,12
5958,36,53943,11,22.26,12
5959,55,64054,11,45.31,23
5960,40,77280,5,93.57,11
5961,33,81347,16,37.93,9
5962,57,67875,14,56.73,14
5963,33,65071,19,87.58,2
5964,43,104070,3,60.58,14
5965,63,83892,1,2.37,31
5966,25,74575,4,15.99,1
5967,27,72487,1,83.49,4
5968,20,99680,10,56.93,0
5969,32,203240,9,98.28,7
5970,24,82713,17,17.79,0
5971,27,68846,4,97.57,0
5972,37,91666,1,57.34,12
5973,39,311870,11,39.67,15
5974,21,89429,7,4.37,0
5975,42,222672,16,34.58,5
5976,35,3997546,19,70.06,12
5977,30,222257,6,85.79,3
5978,37,248366,18,12.82,9
5979,34,84672,7,67.69,8
5980,61,193815,14,80.93,32
5981,39,75282,4,16.5,13
5982,56,142900,6,5.27,24
5983,32,172525,13,9.36,9
5984,45,76027,10,90.31,17
5985,47,659102,5,29.31,14
5986,33,100545,15,68.87,2
5987,47,97792,8,83.66,20
5988,31,93931,1,70.93,8
5989,35,94086,7,82.61,8
5990,31,275073,11,91.73,2
5991,45,75461,16,70.9,18
5992,38,9953676,1,69.34,16
5993,38,75174,19,31.21,11
5994,36,50542,4,17.2,7
5995,35,199664,5,3.66,1
5996,18,209073,8,31.06,0
5997,28,68500,2,26.18,6
5998,18,95200,2,17.52,0
5999,41,60520,17,67.97,8
6000,25,431835,2,29.49,1
6001,45,59822,13,43.2,23
6002,49,97812,16,53.11,12
6003,34,119556,5,67.37,10
6004,28,83550,6,68.13,4
6005,38,67701,15,51.34,0
6006,32,195405,10,73.48,9
6007,42,63840,11,37.36,2
6008,39,54266,16,96.8,8
6009,18,62502,19,41.02,0
6010,26,51910,19,38.35,3
6011,36,56401,19,70.45,0
6012,48,65539,1,63.33,23
6013,18,55218,13,37.22,0
6014,37,51435,2,37.78,9
6015,39,148711,20,46.57,15
6016,39,62239,13,73.18,15
6017,40,1859852,3,71.13,6
6018,50,71440,7,94.52,21
6019,32,53742,4,75.29,5
6020,32,74298,10,41.41,6
6021,47,445962,8,9.81,12
6022,27,177499,16,34.81,2
6023,41,56035,13,69.04,3
6024,34,279153,15,54.38,9
6025,39,84352,18,97.54,12
6026,27,58882,17,81.32,0
6027,42,464107,19,37.73,13
6028,44,100153,2,8.4,15
6029,29,149431,2,47.74,3
6030,41,195001,19,45.95,16
6031,19,79944,16,65.57,0
6032,40,348309,13,78.29,15
6033,46,404188,8,64.99,6
6034,55,1363233,11,82.11,20
6035,30,68941,13,9.31,5
6036,27,61191,10,56.71,4
6037,33,210892,1,27.78,5
6038,41,55407,3,73.29,14
6039,27,340533,1,40.92,3
6040,23,352147,18,98.43,1
6041,42,74495,1,24.35,14
6042,33,114097,14,89.48,9
6043,41,78776,2,38.8,1
6044,35,60189,18,86.1,3
6045,40,152673,10,91.2,4
6046,37,89137,5,59.89,4
6047,39,103558,7,36.93,15
6048,29,59855,5,29.69,1
6049,41,144358,11,68.32,0
6050,23,121733,5,7.9,0
6051,38,78843,9,50.52,15
6052,35,53466,6,88.72,4
6053,40,52967,2,78.18,7
6054,28,152087,20,65.53,6
6055,50,255179,1,95.65,27
6056,30,92511,20,49.66,8
6057,45,65871,15,15.56,6
6058,18,122570,6,86.63,0
6059,34,163342,6,92.92,10
6060,28,200201,13,84.94,1
6061,43,158427,16,77.0,18
6062,45,1134450,5,54.42,2
6063,28,414582,10,42.07,2
6064,42,84553,16,72.33,19
6065,43,137647,14,61.52,2
6066,42,177489,13,96.86,15
6067,31,76219,8,19.02,0
6068,39,58858,5,60.05,11
6069,22,221608,10,42.21,1
6070,49,112771,17,73.45,1
6071,48,118196,19,34.01,9
6072,26,170135,19,96.73,0
6073,42,78109,16,29.07,8
6074,36,80141,2,26.48,3
6075,43,61493,6,56.81,18
6076,26,58406,6,16.57,2
6077,21,193312,7,39.03,1
6078,34,61848,2,21.09,1
6079,35,67041,16,97.46,4
6080,18,53173,16,72.68,0
6081,33,136393,7,2.18,10
6082,40,85741,15,90.67,16
6083,44,52227,18,90.01,10
6084,27,98041,10,78.67,4
6085,60,71062,14,23.46,18
6086,43,98557,13,20.95,20
6087,18,55410,15,30.52,1
6088,35,607580,16,72.55,10
6089,18,370000,5,92.83,1
6090,33,63585,19,61.37,0
6091,33,60376,19,17.62,0
6092,32,207884,14,51.36,2
6093,45,180312,20,97.08,11
6094,34,84308,13,34.97,2
6095,19,325414,9,26.66,0
6096,34,58002,7,48.24,7
6097,31,70425,6,37.25,2
6098,28,73752,12,29.34,3
6099,18,173125,9,51.59,0
6100,30,630146,9,70.05,1
6101,36,187879,16,74.48,14
6102,37,192805,14,44.66,8
6103,22,78112,8,0.64,1
6104,40,175521,8,69.58,9
6105,37,119700,7,80.73,3
6106,41,473671,12,31.5,2
6107,31,171610,6,17.14,2
6108,47,412641,4,59.25,11
6109,50,1736687,14,55.96,16
6110,34,110056,2,16.33,9
6111,29,628321,1,29.22,3
6112,21,128777,5,70.07,0
6113,32,206847,14,8.15,8
6114,32,71280,7,98.85,5
6115,50,86167,12,3.82,14
6116,47,195660,15,51.95,2
6117,42,64153,7,81.66,12
6118,39,63480,5,32.93,5
6119,25,59718,16,44.08,1
6120,29,208307,8,16.02,2
6121,34,58926,19,93.82,5
6122,30,175428,16,12.9,3
6123,23,53323698,6,22.7,1
6124,30,59053,20,28.87,3
6125,45,64330,5,3.62,12
6126,56,142634,10,96.64,3
6127,44,69211,1,23.05,10
6128,34,89303,15,67.06,3
6129,45,58274,4,31.29,23
6130,30,55407,8,5.66,0
6131,20,69052,9,96.7,0
6132,35,1111519,7,16.17,2
6133,39,70932,19,32.43,4
6134,32,408949,16,19.52,6
6135,59,65430,1,74.68,21
6136,40,92656,18,60.07,0
6137,49,104554,19,89.67,23
6138,39,134389,15,59.1,5
6139,30,618424,13,32.17,1
6140,30,167508,3,16.9,0
6141,39,102496,12,29.23,13
6142,47,146313,18,71.82,6
6143,37,175412,1,47.11,11
6144,28,377432,3,91.9,6
6145,36,57039,5,13.96,11
6146,38,138967,16,83.71,13
6147,39,382472,11,11.07,5
6148,18,192258,8,99.05,0
6149,24,74558,3,91.55,2
6150,48,99168,12,45.23,0
6151,33,98682,14,94.05,0
6152,47,61320,1,75.04,9
6153,35,74881,14,17.58,7
6154,23,133495,18,42.94,0
6155,33,52135,8,9.0,0
6156,27,54724,12,66.18,2
6157,28,59017,20,10.0,2
6158,36,1075895,8,16.42,4
6159,37,54051,18,94.33,12
6160,21,106807,3,33.74,1
6161,24,107602,12,15.7,2
6162,38,69115,18,77.29,8
6163,22,77396,8,56.14,1
6164,22,91595,20,34.1,1
6165,37,50010,20,97.84,1
6166,18,172507,2,51.78,0
6167,49,225778,18,86.81,19
6168,22,56271,1,12.27,0
6169,34,70282,11,10.21,2
6170,30,104592,18,68.41,7
6171,41,523148,12,62.32,4
6172,41,62243,13,34.15,7
6173,28,71810,7,67.29,1
6174,55,411965,11,67.47,17
6175,41,103028,20,12.78,18
6176,46,126474,6,16.26,8
6177,50,67926,9,25.81,13
6178,18,256321,9,38.9,1
6179,31,103926,7,5.97,7
6180,50,67229,1,64.55,21
6181,22,75633,3,11.77,1
6182,40,118179,15,49.67,13
6183,40,77975,12,90.08,15
6184,45,63228,12,38.29,10
6185,37,986057,1,3.82,7
6186,40,61189,1,94.35,18
6187,36,104042,12,99.74,10
6188,44,86203,12,92.18,9
6189,21,130283,10,51.21,0
6190,32,1247849,13,85.46,8
6191,43,114525,6,89.23,19
6192,18,113164,8,57.32,1
6193,28,16552553,7,21.59,4
6194,41,238132,2,5.46,9
6195,46,54501,15,63.07,16
6196,29,67646,1,69.11,5
6197,25,213110,4,1.66,2
6198,44,839865,7,45.83,15
6199,54,50209,18,1.58,5
6200,39,54417,20,98.4,4
6201,34,717734,20,39.05,11
6202,36,60471,7,65.16,5
6203,30,83658,10,16.46,8
6204,52,62370,1,74.46,15
6205,25,53721,4,4.13,2
6206,37,89589,16,35.7,6
6207,20,362532,6,43.29,0
6208,35,88548,5,49.72,12
6209,36,70920,5,62.66,3
6210,18,103648,13,91.38,1
6211,42,66247,9,35.05,3
6212,22,237837,1,57.61,0
6213,32,62673,15,79.5,9
6214,29,84165,8,83.5,7
6215,22,58657,1,36.4,0
6216,41,120919,1,87.01,16
6217,37,894264,16,20.2,5
6218,20,54816,13,29.26,0
6219,42,352191,9,15.3,13
6220,31,114290,7,43.32,8
6221,33,121242,1,26.67,8
6222,37,173512,5,10.87,7
6223,26,146842,19,92.76,4
6224,33,488830,9,68.42,0
6225,28,94732,5,10.4,5
6226,53,76578,8,58.54,3
6227,41,56256,8,24.2,3
6228,52,68132,5,2.26,20
6229,22,120398,16,25.11,0
6230,28,152110,1,54.08,1
6231,42,532359,9,69.4,18
6232,35,95707,7,81.71,12
6233,45,163681,11,12.78,5
6234,36,77643,19,89.78,5
6235,27,229265,12,26.54,4
6236,38,188046,15,97.44,0
6237,47,112270,6,71.17,23
6238,25,252148,1,74.55,3
6239,52,292602,10,12.33,18
6240,18,718846,14,3.24,0
6241,27,205623,12,3.53,2
6242,41,309382,18,44.7,17
6243,19,118031,12,12.31,1
6244,41,101002,7,38.06,9
6245,26,77775,5,86.62,3
6246,44,69579,8,81.08,3
6247,36,74935,18,67.74,4
6248,35,122154,1,74.86,11
6249,45,124270,17,65.18,18
6250,34,124307,13,0.32,0
6251,36,492601,7,3.64,10
6252,28,83326,4,81.37,3
6253,30,57374,17,9.34,8
6254,18,189423,14,21.71,0
6255,29,102893,11,59.93,3
6256,36,79687,17,95.89,12
6257,23,78775,15,51.11,0
6258,24,223387,10,69.43,1
6259,44,244314,17,83.59,2
6260,36,50247,17,59.05,2
6261,22,149702,6,81.08,0
6262,42,354184,6,94.64,17
6263,24,78841,3,37.52,1
6264,44,101590,3,21.14,20
6265,24,53067,16,30.19,1
6266,41,180332,14,86.92,5
6267,38,77703,16,5.22,2
6268,19,59076,14,85.94,1
6269,30,109574,4,17.58,4
6270,45,117092,13,71.14,9
6271,46,75583,19,41.48,2
6272,37,417276,10,70.69,2
6273,42,93353,5,94.49,1
6274,44,114173,8,26.32,22
6275,18,642105,15,75.5,0
6276,37,80391,14,30.07,12
6277,50,149021,18,40.19,24
6278,48,53222,6,98.34,19
6279,21,81919,10,0.26,1
6280,25,468763,4,41.78,3
6281,28,61218,20,92.03,3
6282,45,67260,12,39.82,19
6283,18,126423,4,58.78,1
6284,33,69662,12,71.5,0
6285,42,77285,18,86.11,20
6286,38,215355,13,80.12,16
6287,36,618138,13,76.88,1
6288,25,96818,11,92.25,3
6289,45,1052641,19,79.19,10
6290,30,187856,16,29.9,6
6291,41,80271,17,29.36,14
6292,34,151395,7,64.59,9
6293,21,70011,6,96.82,0
6294,18,613885,19,62.7,0
6295,29,111948,18,94.17,2
6296,31,2528250,11,2.32,4
6297,42,150052,16,68.74,0
6298,28,53325,18,98.69,2
6299,22,111057,6,77.83,1
6300,35,53239,12,26.01,7
6301,21,80346,11,17.61,1
6302,39,245524,1,63.09,8
6303,21,603155,19,60.43,0
6304,45,58729,13,45.13,11
6305,31,122917,3,58.08,5
6306,25,303378,12,30.98,3
6307,55,166656,6,35.23,21
6308,28,122440,1,82.39,4
6309,18,97885,13,23.03,0
6310,33,144875,4,17.72,2
6311,43,99936,13,84.26,20
6312,25,900396,11,78.64,1
6313,39,75025,17,82.57,1
6314,39,550037,5,80.98,7
6315,48,148597,18,55.26,25
6316,39,83825,18,72.78,14
6317,21,68903,15,38.27,0
6318,37,300422,1,4.12,13
6319,34,61727,12,7.33,6
6320,41,493200,12,77.09,11
6321,46,72099,8,14.19,6
6322,45,175699,5,14.43,22
6323,32,63488,9,85.58,5
6324,40,56829,3,13.44,2
6325,36,59171,11,44.49,14
6326,40,168284,1,49.11,1
6327,46,244668,20,4.79,9
6328,45,366762,17,83.75,15
6329,41,134250,10,47.45,12
6330,52,924553,1,84.5,0
6331,38,77780,8,24.42,5
6332,37,82788,3,31.65,3
6333,38,74080,15,86.6,8
6334,38,2997974,5,20.78,12
6335,49,323065,12,8.36,14
6336,36,75391,4,25.24,5
6337,42,133284,7,38.49,11
6338,42,114850,19,66.39,17
6339,36,57665,14,81.65,2
6340,36,59764,15,89.45,2
6341,19,440892,6,36.37,0
6342,42,168473,2,67.96,7
6343,27,58939,14,2.77,3
6344,21,151215,2,73.25,0
6345,29,82909,8,53.18,1
6346,20,62960,19,92.0,1
6347,38,126984,20,73.87,6
6348,32,52232,20,86.33,5
6349,42,287127,6,10.6,5
6350,34,391579,1,97.89,7
6351,30,52555,11,40.61,3
6352,33,409227,14,78.47,6
6353,43,157652,3,50.95,7
6354,32,453422,7,96.81,6
6355,31,64910,11,61.21,3
6356,43,70907,10,98.21,4
6357,39,386418,7,80.97,14
6358,36,162548,17,37.39,12
6359,31,56098,15,42.95,6
6360,26,110049,8,67.27,2
6361,44,92544,18,83.01,2
6362,25,117811,6,18.85,1
6363,30,110531,9,61.91,0
6364,35,113951,13,3.08,10
6365,20,51329,12,83.28,0
6366,28,88952,1,65.98,1
6367,21,136781,16,50.51,1
6368,50,170254,1,45.91,28
6369,34,114828,2,13.37,8
6370,48,263685,1,37.26,5
6371,54,71054,2,8.13,17
6372,35,52661,8,95.77,5
6373,18,80956,3,98.81,1
6374,31,128643,11,49.87,7
6375,28,57184,20,66.13,3
6376,27,145033,9,97.97,4
6377,37,352129,19,96.84,11
6378,25,99610,16,25.98,3
6379,27,4912794,2,9.63,2
6380,25,406082,2,19.75,3
6381,45,401884,8,42.5,7
6382,56,183718,11,62.45,33
6383,33,95649,19,51.57,6
6384,36,56459,17,17.08,1
6385,24,99971,12,92.17,2
6386,44,64253,17,72.37,11
6387,32,55192,19,25.4,9
6388,28,59905,6,70.33,2
6389,36,55150,8,74.2,10
6390,36,362648,3,31.93,8
6391,42,78041,13,90.01,13
6392,39,70962,11,62.21,16
6393,45,62862,4,40.58,11
6394,38,144983,16,75.68,10
6395,26,738941,11,20.36,2
6396,20,150218,10,21.91,1
6397,38,82413,17,11.08,7
6398,22,187157,9,20.28,1
6399,28,90062,20,75.73,0
6400,56,56182,12,7.82,28
6401,31,73897,13,92.86,0
6402,50,1216011,17,31.83,14
6403,38,209007,12,51.13,4
6404,32,86844,3,52.74,6
6405,46,130501,11,2.42,7
6406,33,142747,3,28.57,2
6407,33,111776,5,92.42,9
6408,47,245431,10,76.68,1
6409,24,58194,19,2.86,2
6410,43,52825,4,26.74,7
6411,35,74605,11,44.29,6
6412,18,65178,3,58.06,1
6413,40,153535,19,6.39,4
6414,43,111883,17,82.97,14
6415,36,51777,6,84.62,9
6416,18,61306,10,80.9,0
6417,29,56952,14,58.6,4
6418,34,60540,7,47.71,2
6419,43,71265,10,76.99,6
6420,37,298001,14,21.34,6
6421,26,53715,20,99.27,2
6422,41,10885100,13,60.08,10
6423,46,170875,5,75.16,13
6424,45,55671,17,98.78,22
6425,41,489303,19,44.75,10
6426,24,161642,13,6.43,0
6427,28,114254,10,49.27,2
6428,40,210902,20,47.74,5
6429,25,105837,11,89.26,1
6430,32,360629,17,76.33,7
6431,25,106957,5,38.56,1
6432,38,150231,6,82.83,11
6433,30,116891,3,38.21,2
6434,42,71848,17,78.68,15
6435,49,166287,16,60.84,14
6436,46,103370,11,75.06,20
6437,42,89009,15,28.47,1
6438,29,119563,14,60.25,4
6439,29,68914,14,1.3,4
6440,18,99547,14,77.17,1
6441,41,78281,8,46.59,4
6442,39,100191,17,93.27,4
6443,23,50637,19,87.63,1
6444,32,75419,4,82.37,4
6445,29,73705,18,46.41,5
6446,25,131800,1,46.37,2
6447,35,98688,20,70.58,8
6448,24,979198,10,94.26,0
6449,30,111201,7,98.41,1
6450,29,64376,10,96.49,0
6451,33,607014,9,46.3,10
6452,32,160087,5,82.22,5
6453,24,234222,7,49.7,0
6454,32,52932,18,76.01,4
6455,43,80959,1,85.77,17
6456,36,93668,1,96.85,13
6457,24,213172,6,85.65,2
6458,40,846242,10,86.93,3
6459,36,784802,7,22.87,10
6460,26,1744427,10,55.3,4
6461,41,106124,16,37.95,4
6462,52,1321537,12,98.63,13
6463,30,91757,9,66.76,6
6464,39,93779,9,79.1,2
6465,25,234248,13,52.91,1
6466,37,63292,7,93.61,7
6467,43,71259,7,22.25,21
6468,38,206619,14,42.92,3
6469,40,344081,4,51.51,10
6470,39,824421,2,63.47,7
6471,44,131862,8,61.41,15
6472,34,71281,13,70.7,9
6473,41,59142,19,65.31,18
6474,59,131495,15,92.39,17
6475,33,496865,8,43.4,9
6476,37,89651,2,51.53,6
6477,38,757446,19,7.44,10
6478,42,129742,14,86.32,12
6479,40,72869,9,57.67,1
6480,36,83871,16,23.59,6
6481,18,323272,1,74.78,0
6482,25,63879,2,41.38,1
6483,47,54571,2,4.55,10
6484,29,77663,17,23.4,1
6485,43,50874,9,6.76,11
6486,27,105876,19,82.22,4
6487,25,1019846,19,37.55,3
6488,32,103012,9,40.94,10
6489,18,84799,6,17.55,1
6490,50,54780,4,77.73,9
6491,25,67982,18,89.6,2
6492,29,88119,15,32.68,6
6493,54,58079,1,4.13,16
6494,19,276085,2,18.81,1
6495,46,114666,12,96.34,1
6496,34,67926,18,9.02,12
6497,39,65723,12,53.39,3
6498,29,55537,8,90.17,3
6499,48,53620,9,36.43,20
6500,27,128010,17,71.93,2
6501,20,75448,8,82.32,1
6502,55,318226,20,36.39,32
6503,44,126190,6,89.64,20
6504,31,778322,7,83.44,6
6505,34,775262,19,93.66,4
6506,33,194525,5,67.38,6
6507,40,57118,3,91.64,13
6508,40,73100,18,26.18,7
6509,29,22346915,19,58.51,5
6510,35,134126,14,44.03,8
6511,28,283742,6,28.21,6
6512,18,68495,8,75.37,0
6513,54,821959,8,64.41,5
6514,31,66406,11,35.36,3
6515,37,40340164,12,41.31,8
6516,33,204107,7,4.22,4
6517,40,488968,11,2.05,11
6518,49,284173,11,91.84,14
6519,38,103396,8,37.65,1
6520,41,69139,14,10.49,12
6521,53,64298,13,2.66,25
6522,34,154686,9,95.13,5
6523,18,72344,19,37.21,1
6524,34,101095,4,91.09,10
6525,19,54066,1,38.78,1
6526,43,70303,6,6.21,8
6527,30,176370,6,25.04,7
6528,42,107488,20,78.75,12
6529,37,489068,6,52.59,6
6530,32,88644,11,43.38,4
6531,26,98044,19,10.29,0
6532,48,3317980,11,73.19,23
6533,36,98348,5,43.01,10
6534,30,573635,12,82.76,5
6535,28,55792,10,93.2,2
6536,38,51679,13,27.45,11
6537,39,3476313,17,31.77,6
6538,34,3823634,12,33.91,3
6539,43,85458,6,36.39,7
6540,57,57222,5,86.93,22
6541,47,82496,18,14.0,0
6542,36,138716,10,30.46,0
6543,36,336835,12,4.88,7
6544,26,76411,5,86.48,1
6545,30,323237,20,48.61,0
6546,34,50019,2,5.8,9
6547,47,134456,10,69.31,1
6548,29,141740,17,49.71,1
6549,43,61062,12,52.7,3
6550,32,78224,3,57.63,7
6551,18,137599,12,59.73,0
6552,28,65746,19,55.3,2
6553,33,86973,20,10.71,5
6554,36,94914,20,27.42,8
6555,34,579156,12,15.64,0
6556,39,53167,11,25.91,15
6557,33,96809,11,22.87,4
6558,38,58116,19,6.41,13
6559,49,52511,6,45.49,9
6560,62,917390,5,95.38,14
6561,34,149688,7,9.05,10
6562,25,167377,10,89.78,2
6563,40,410691,16,17.21,3
6564,31,575794,5,88.14,7
6565,39,105921,18,52.72,11
6566,44,54892,2,58.83,10
6567,36,107174,19,71.68,11
6568,41,213898,15,81.39,1
6569,45,91306,12,46.72,8
6570,39,3215403,9,20.32,3
6571,47,59246,10,57.64,11
6572,47,187601,13,67.32,23
6573,40,314296,12,17.46,4
6574,42,456808,10,21.13,1
6575,33,734461,14,81.86,11
6576,33,77358,8,29.3,0
6577,54,92208,17,35.01,20
6578,20,58867,20,63.14,1
6579,28,201355,2,12.97,2
6580,33,480844,18,61.7,11
6581,32,76881,16,50.72,9
6582,41,128388,6,92.89,0
6583,41,111972,9,45.74,19
6584,46,72276,17,58.74,20
6585,27,91919,4,51.41,5
6586,43,450102,13,75.57,2
6587,47,69726,1,90.2,21
6588,35,379578,20,99.87,2
6589,25,293251,16,13.35,2
6590,52,63745,14,67.67,4
6591,38,53903,18,14.89,8
6592,22,83647,3,93.46,0
6593,25,1525593,2,43.03,1
6594,27,471227,9,42.14,4
6595,36,90299,4,55.44,0
6596,29,77587,7,49.99,2
6597,42,60121,8,96.33,11
6598,53,106292,11,47.85,2
6599,37,60324,4,4.38,14
6600,38,846623,1,53.0,13
6601,23,50979,16,81.44,0
6602,22,130899,17,4.0,1
6603,35,136385,1,97.65,10
6604,31,162664,7,11.04,2
6605,48,54521,13,39.65,4
6606,38,259292,7,55.12,12
6607,41,103590,16,29.81,3
6608,40,365685,8,97.02,10
6609,59,165617,19,68.17,33
6610,41,54084,1,72.47,13
6611,50,69644,17,42.17,28
6612,43,62718,18,84.05,6
6613,18,82542,10,54.4,0
6614,42,110037,16,29.42,6
6615,18,62447,19,73.25,0
6616,39,61220,13,24.96,14
6617,40,82418,12,70.85,15
6618,55,66835,17,11.42,7
6619,36,88597,3,6.0,12
6620,32,129847,15,12.76,1
6621,26,174478,18,40.84,4
6622,18,731154,9,84.36,0
6623,40,149245,3,83.33,10
6624,36,61333,18,33.21,1
6625,36,184766,1,96.12,7
6626,42,587639,1,96.71,8
6627,29,138442,10,35.69,4
6628,26,76048,15,99.93,3
6629,40,79405,15,4.61,4
6630,35,2126785,15,37.56,7
6631,37,254327,20,99.09,15
6632,24,108166,9,50.27,1
6633,31,216209,20,94.46,0
6634,45,242209,12,95.32,13
6635,24,243712,9,1.81,2
6636,18,283166,7,45.84,1
6637,43,57301,20,32.85,20
6638,35,82415,14,76.36,8
6639,40,65372,20,30.23,11
6640,41,87891,2,32.72,6
6641,29,66131,8,36.8,2
6642,56,260485,11,26.8,23
6643,31,50912,19,42.74,6
6644,18,62962,20,74.91,1
6645,31,51271,10,76.47,5
6646,39,52359,1,22.27,4
6647,38,77331,7,88.83,16
6648,35,54419,17,29.41,0
6649,40,188735,8,61.01,5
6650,52,177256,20,10.87,30
6651,42,58350,19,82.9,9
6652,26,120143,18,91.66,1
6653,51,54915,7,75.92,9
6654,26,338643,19,74.45,4
6655,38,90144,15,75.56,1
6656,55,187978,11,39.68,23
6657,40,59138,19,2.62,18
6658,18,125413,16,0.15,0
6659,32,75668,4,79.02,9
6660,28,103598,14,39.61,5
6661,50,787339,10,62.03,5
6662,36,449477,15,13.45,2
6663,40,55836,6,17.59,13
6664,28,65445,7,64.12,0
6665,31,434846,10,37.05,5
6666,26,69701,3,15.36,4
6667,40,695970,18,35.54,9
6668,41,64070,5,88.99,0
6669,27,126969,9,58.73,5
6670,43,68109,16,92.62,11
6671,35,50477,5,4.75,5
6672,49,78225,15,11.48,7
6673,43,83553,11,15.54,18
6674,58,74540,17,26.34,24
6675,29,238576,10,65.12,6
6676,42,104146,11,88.68,8
6677,28,72593,2,46.44,4
6678,37,102014,13,7.05,2
6679,28,68308,10,17.47,1
6680,44,107153,14,93.78,21
6681,36,754412,8,1.96,2
6682,45,95497,3,43.07,21
6683,41,88899,15,63.89,18
6684,42,72860,1,13.01,11
6685,31,51324,13,95.09,3
6686,18,246834,5,14.36,1
6687,27,359649,10,95.88,2
6688,18,56325,6,36.47,1
6689,40,106094,19,71.9,2
6690,43,390177,8,31.71,18
6691,57,67698,12,92.72,31
6692,26,52635,1,18.13,3
6693,20,154007,12,16.74,1
6694,41,154553,11,79.92,13
6695,35,129754,6,25.94,12
6696,41,80717,7,9.37,6
6697,39,63839,11,23.93,2
6698,39,772709,12,30.32,4
6699,47,72645,7,6.67,23
6700,38,290927,9,45.85,13
6701,19,690751,16,38.92,1
6702,34,958359,1,76.88,5
6703,32,102146,15,14.8,10
6704,38,109765,4,63.8,9
6705,37,119574,10,14.11,3
6706,25,63073,19,38.94,2
6707,33,99732,10,88.18,6
6708,34,131182,8,49.62,3
6709,43,74087,5,99.7,16
6710,36,76892,6,25.14,12
6711,45,55315,9,90.46,5
6712,18,151368,2,84.3,0
6713,36,102806,20,17.57,11
6714,18,140432,11,62.53,0
6715,36,79947,4,58.63,14
6716,49,104246,4,0.71,26
6717,36,136884,15,96.79,13
6718,32,93399,5,91.33,6
6719,48,86750,1,61.0,26
6720,32,76541,20,80.11,7
6721,45,62967,1,34.61,23
6722,46,237720,19,76.6,24
6723,30,181360,9,55.5,0
6724,35,52646,15,84.33,10
6725,23,179139,5,20.92,1
6726,36,67259,11,91.71,6
6727,39,132039,3,62.14,6
6728,30,64711,15,95.9,0
6729,28,250343,2,12.86,1
6730,31,111386,5,65.06,6
6731,33,74584,18,63.1,2
6732,24,63716,14,81.26,0
6733,51,651637,19,94.65,0
6734,39,564456,9,21.37,5
6735,36,113034,7,92.09,4
6736,22,74510,19,38.2,1
6737,30,55647,4,1.7,8
6738,43,170418,5,20.61,1
6739,33,70727,5,10.58,4
6740,31,90362,18,10.43,4
6741,26,242345,2,26.01,1
6742,34,55520,17,42.73,2
6743,30,53929,6,56.41,1
6744,53,301669,12,27.99,15
6745,34,94312,13,94.01,5
6746,37,249060,2,64.52,4
6747,31,72557,15,50.62,8
6748,36,151949,12,3.93,6
6749,40,162874,3,39.98,6
6750,39,288185,12,81.39,12
6751,44,301826,3,21.77,22
6752,22,102616,7,58.84,1
6753,35,83619,7,58.52,3
6754,44,144395,17,94.84,11
6755,27,65359,2,78.42,2
6756,36,140787,14,47.92,1
6757,37,52088,15,50.09,12
6758,48,60362,20,13.54,7
6759,36,62203,2,92.74,14
6760,49,862738,15,68.8,20
6761,32,56613,10,92.8,8
6762,27,91216,16,92.03,0
6763,18,151389,15,86.97,1
6764,33,205266,19,17.61,11
6765,43,165896,4,30.08,21
6766,50,60811,12,46.9,1
6767,51,216143,19,14.62,13
6768,61,1067582,10,86.13,4
6769,42,137133,1,59.43,0
6770,28,129204,7,95.0,6
6771,57,151042,4,59.89,0
6772,31,147958,20,66.06,0
6773,28,51828,4,19.71,2
6774,48,57676,9,3.25,8
6775,38,65477,14,90.28,14
6776,35,301245,14,33.76,10
6777,35,63935,10,84.24,6
6778,45,64964,1,63.65,2
6779,37,75973,3,54.68,14
6780,32,232353,6,89.72,7
6781,41,104917,9,74.92,12
6782,25,124298,11,89.97,1
6783,18,78829,10,66.34,1
6784,37,71563,10,3.55,4
6785,29,98982,8,63.12,0
6786,37,89658,8,10.33,14
6787,50,78304,6,61.28,20
6788,24,92376,18,30.7,0
6789,35,655064,5,28.09,7
6790,45,291148,4,66.87,12
6791,36,428600,4,44.42,0
6792,30,109515,2,42.55,7
6793,27,62715,8,22.61,0
6794,39,169358,13,13.04,15
6795,44,119898,7,27.46,11
6796,32,303662,9,86.26,5
6797,44,167838,9,2.73,9
6798,52,54430,2,57.85,21
6799,32,134871,4,78.16,2
6800,26,76947,8,64.46,1
6801,43,115365,11,68.55,6
6802,36,140347,1,96.5,7
6803,40,153421,18,39.93,0
6804,44,74504,15,15.66,19
6805,55,151183,11,25.2,10
6806,20,172505,13,61.89,1
6807,52,725287,20,66.14,3
6808,34,1526009,3,93.49,11
6809,32,71541,15,88.04,7
6810,55,85978,16,53.26,6
6811,35,65976,5,28.69,13
6812,35,71078,18,40.86,13
6813,22,131751,9,17.68,1
6814,35,68117,12,52.9,10
6815,44,228934,18,41.92,8
6816,38,168694,2,7.42,15
6817,29,259961,1,48.39,4
6818,37,455540,8,98.67,10
6819,35,368196,18,58.05,5
6820,22,140003,12,22.42,1
6821,45,82206,10,12.75,6
6822,33,65380,19,13.82,2
6823,20,54928,14,68.57,0
6824,39,126132,19,89.41,7
6825,35,74788,15,83.42,5
6826,46,349797,14,48.82,23
6827,32,78909,17,8.39,7
6828,37,60091,6,40.84,3
6829,48,62252,6,14.75,24
6830,33,113813,13,92.53,7
6831,46,124290,11,35.54,21
6832,29,119816,11,2.93,1
6833,42,87259,4,3.94,11
6834,30,359998,18,33.33,4
6835,56,71700,17,31.22,6
6836,23,130881,16,97.38,0
6837,36,60807,18,50.77,11
6838,43,172054,6,89.62,8
6839,35,65157,1,90.25,2
6840,48,108620,4,86.41,2
6841,36,187599,11,0.08,4
6842,28,51726,18,98.21,3
6843,32,83312,4,53.84,2
6844,36,179903,17,74.77,5
6845,45,161522,6,10.02,7
6846,42,65380,10,80.7,1
6847,50,479476,7,58.61,17
6848,33,61091,16,22.25,5
6849,29,58895,16,54.29,0
6850,51,82128,13,45.21,10
6851,30,112136,4,66.92,1
6852,52,189303,11,68.73,0
6853,48,50676,19,12.52,14
6854,30,127806,10,26.69,6
6855,60,86534,13,37.75,9
6856,34,221903,6,63.55,6
6857,27,489643,3,82.28,4
6858,41,127421,5,78.03,9
6859,39,110441,10,95.75,14
6860,36,102328,7,2.77,14
6861,30,143060,10,75.63,3
6862,40,733136,14,93.14,1
6863,28,65029,7,72.15,1
6864,36,59973,15,49.91,6
6865,34,58591,3,2.23,1
6866,31,1765983,9,96.51,8
6867,40,84456,4,9.55,0
6868,30,74442,20,86.6,2
6869,48,137668,1,15.2,10
6870,24,71930,11,55.36,0
6871,55,141299,1,16.59,24
6872,48,1423361,3,54.88,20
6873,53,99056,3,86.1,6
6874,30,52655,5,95.37,0
6875,35,135634,16,36.12,2
6876,32,204135,8,54.33,3
6877,46,307328,15,62.74,5
6878,32,206740,16,43.93,4
6879,37,56551,19,78.97,1
6880,58,136851,20,70.51,4
6881,37,140485,14,63.34,9
6882,22,784288,16,0.43,0
6883,31,79597,5,35.88,8
6884,25,403018,10,24.06,1
6885,38,340023,17,15.77,8
6886,32,406872,12,14.5,7
6887,42,163163,8,52.63,18
6888,32,124823,19,31.68,6
6889,51,215208,1,67.89,20
6890,48,68091,16,98.54,25
6891,28,51786,8,64.9,6
6892,44,107480,18,90.75,12
6893,36,62677,4,12.58,12
6894,26,110601,15,7.26,4
6895,38,270680,6,46.7,16
6896,29,65884,7,32.26,2
6897,46,1468926,11,0.19,2
6898,31,171400,14,54.17,9
6899,32,227547,10,5.08,3
6900,41,216678,10,1.74,15
6901,45,54054,12,56.28,14
6902,45,386785,10,38.92,20
6903,25,108270,1,66.25,2
6904,33,136017,1,13.82,9
6905,30,171533,19,69.92,5
6906,40,73872,8,39.19,11
6907,20,68853,6,98.97,0
6908,37,104659,19,89.23,13
6909,23,70959,18,15.66,1
6910,36,66771,3,80.09,12
6911,38,218175,19,66.13,5
6912,45,66774,2,10.83,7
6913,24,84652,13,31.92,1
6914,60,96783,12,97.61,20
6915,47,396593,16,73.9,18
6916,44,105670,11,84.87,18
6917,39,66362,11,96.51,3
6918,39,67282,11,0.95,0
6919,37,65236,8,52.08,12
6920,52,52701,11,16.8,30
6921,28,50406,15,15.43,5
6922,37,163006,20,97.92,11
6923,18,54522,16,47.17,1
6924,40,129512,17,30.68,6
6925,43,496643,17,62.06,14
6926,27,132533,1,25.56,0
6927,32,74925,19,12.92,5
6928,30,53327,16,84.44,6
6929,50,103536,3,9.51,13
6930,36,102906,10,22.96,3
6931,35,181455,13,38.56,11
6932,30,80269,19,23.38,1
6933,33,140877,18,88.11,2
6934,53,85787,3,48.6,29
6935,30,110570,13,46.72,1
6936,47,6246675,1,67.84,25
6937,23,72911,6,72.8,0
6938,27,55416,19,15.46,1
6939,31,1027369,14,20.41,7
6940,39,77388,18,26.64,10
6941,35,70629,14,72.99,11
6942,39,65046,19,35.0,13
6943,30,55765,13,53.52,6
6944,37,78929,9,16.08,4
6945,40,70401,2,27.09,4
6946,38,156749,3,36.42,9
6947,48,50273,1,4.02,15
6948,34,52602,1,4.76,1
6949,43,81640,15,48.89,4
6950,22,151798,2,90.85,0
6951,18,399666,9,46.05,1
6952,26,84895,12,68.55,0
6953,29,54493,4,9.57,3
6954,42,58054,19,48.5,8
6955,42,128754,2,55.76,20
6956,32,63760,20,63.05,3
6957,46,614053,11,21.93,9
6958,38,67642,7,95.82,2
6959,25,83744,12,61.12,2
6960,34,457380,9,25.68,2
6961,41,139763,19,37.8,8
6962,26,114582,18,37.78,3
6963,44,394106,13,82.01,18
6964,55,60391,19,54.4,19
6965,47,52288,4,78.4,3
6966,47,63676,20,12.29,15
6967,38,73848,1,41.49,2
6968,34,113932,8,85.22,0
6969,49,77827,4,65.73,21
6970,48,219111,9,79.55,8
6971,41,161462,13,44.31,8
6972,27,61717,8,4.66,5
6973,38,376113,20,16.93,7
6974,46,73395,13,65.42,17
6975,27,205243,19,34.26,5
6976,38,49373842,15,60.17,13
6977,30,111175,8,98.92,0
6978,48,69577,16,70.29,2
6979,21,161979,9,5.97,1
6980,52,51704,10,79.59,2
6981,36,65011,9,90.3,14
6982,22,54781,15,2.45,1
6983,37,92318,7,90.49,8
6984,22,53771,13,91.46,1
6985,18,265358,11,43.93,0
6986,31,51385,15,80.57,0
6987,61,53165,18,95.4,19
6988,33,68504,5,54.02,0
6989,39,56395,18,14.08,17
6990,29,66188,3,98.03,0
6991,54,211388,1,15.25,10
6992,32,222126,17,29.63,8
6993,41,165964,11,83.94,0
6994,18,406916,7,23.51,1
6995,37,118977,6,93.55,5
6996,32,131975,8,93.45,1
6997,51,260962,10,93.19,16
6998,44,60620,12,49.61,22
6999,48,120712,12,95.82,14
7000,36,55508,19,76.98,3
7001,32,60389,9,97.33,9
7002,54,66379,6,96.7,5
7003,31,148978,17,72.41,4
7004,36,79162,12,26.62,9
7005,26,332185,19,60.58,3
7006,37,65038,18,46.53,14
7007,24,57186,7,55.49,2
7008,18,64623,10,34.35,0
7009,32,252487,3,92.0,0
7010,37,69407,5,91.95,4
7011,44,365354,8,44.09,12
7012,18,305435,19,25.21,0
7013,45,85273,14,89.17,18
7014,31,164195,13,80.12,1
7015,39,436336,11,10.45,7
7016,28,81076,8,13.88,5
7017,43,557777,20,65.49,21
7018,43,1524011,8,69.88,8
7019,31,73962,15,38.55,6
7020,18,424152,3,55.53,1
7021,54,126257,19,0.87,30
7022,31,708200,13,44.85,0
7023,34,65246,5,64.65,10
7024,29,627078,11,13.35,1
7025,38,216522,16,22.29,8
7026,31,66464,12,39.45,0
7027,21,52335,19,55.11,1
7028,25,81738,19,57.86,3
7029,45,73044,16,68.39,5
7030,32,57855,5,87.36,0
7031,32,265200,4,21.5,8
7032,40,78106,15,53.14,4
7033,37,52784,18,60.44,3
7034,34,71123,9,81.03,6
7035,39,143946,15,73.6,17
7036,26,78438,10,51.15,4
7037,29,139614,9,81.11,5
7038,53,265381,1,17.32,24
7039,51,94837,14,85.03,29
7040,48,72401,8,2.01,17
7041,26,794448,1,99.97,1
7042,35,840198,1,95.54,1
7043,18,88120,8,40.91,1
7044,39,145161,10,2.56,5
7045,30,91227,7,27.97,8
7046,53,88187,9,36.82,24
7047,39,188964,14,5.35,11
7048,48,113336,9,81.3,6
7049,44,246874,6,40.79,11
7050,32,141268,17,72.77,7
7051,44,99801,7,31.43,7
7052,24,96343,2,62.27,1
7053,21,83434,20,45.04,1
7054,41,1242896,7,99.39,1
7055,38,68933,12,49.44,10
7056,41,51826,1,55.19,0
7057,41,60738,9,32.26,2
7058,49,419162,9,77.01,26
7059,38,307022,11,80.26,10
7060,18,55455,12,91.31,1
7061,31,677910,12,0.88,6
7062,18,546626,20,57.27,1
7063,38,81316,2,61.64,12
7064,24,91419,20,35.3,1
7065,39,307240,17,41.62,2
7066,44,83731,11,2.63,17
7067,46,62192,13,14.32,14
7068,42,543736,1,94.71,15
7069,41,94237,19,47.5,5
7070,64,55429,7,39.53,34
7071,30,75074,17,53.84,8
7072,47,177105,10,75.32,6
7073,38,70995,9,70.45,16
7074,31,95811,2,72.65,6
7075,27,50313,10,84.96,3
7076,33,127136,6,73.35,2
7077,35,186284,15,15.52,0
7078,29,84282,5,57.83,1
7079,43,147041,8,49.93,18
7080,18,52418,2,70.81,0
7081,34,56666,2,25.5,2
7082,53,761358,12,63.0,18
7083,59,91332,14,65.83,30
7084,41,50958,16,66.76,3
7085,45,275608,16,16.45,21
7086,46,76692,1,18.15,15
7087,35,54032,10,40.95,4
7088,51,61542,17,13.34,5
7089,29,60315,15,64.86,6
7090,53,80966,12,7.87,19
7091,25,369557,18,95.2,3
7092,36,77030,9,12.77,8
7093,45,1320557,10,63.18,12
7094,34,91225,6,14.53,11
7095,43,26493465,4,87.47,16
7096,58,417844,5,48.9,2
7097,42,205581,20,77.98,19
7098,18,56805,18,30.48,1
7099,42,287774,3,25.38,7
7100,40,219829,5,64.54,7
7101,52,155185,16,93.33,27
7102,39,589125,4,7.6,12
7103,18,86480,5,9.28,0
7104,36,52687,18,72.7,5
7105,33,105417,1,11.26,4
7106,31,439097,18,71.77,1
7107,19,186152,18,87.53,1
7108,34,56344,19,39.3,1
7109,38,185980,13,2.49,13
7110,49,384471,1,55.94,2
7111,37,251998,18,80.56,2
7112,22,10587661,6,96.97,0
7113,54,175677,4,13.93,20
7114,25,86394,3,10.14,1
7115,32,223119,13,12.25,0
7116,19,734962,12,98.3,1
7117,27,87158,1,5.15,1
7118,40,85331,3,97.82,1
7119,37,91385,11,52.61,14
7120,30,71181,14,38.84,6
7121,54,66792,4,94.89,4
7122,33,377846,7,98.58,5
7123,40,54822,11,97.97,2
7124,50,54197,15,76.07,3
7125,42,63998,19,13.88,4
7126,28,100114,15,84.62,0
7127,48,55237,2,86.82,14
7128,54,227773,16,44.94,9
7129,34,58579,19,22.22,3
7130,18,52881,12,85.5,0
7131,45,118054,5,67.4,11
7132,49,245483,5,61.03,3
7133,64,68785,1,2.01,36
7134,29,59365,14,96.28,7
7135,34,70216,20,93.36,7
7136,24,59236,20,53.37,0
7137,36,134831,2,45.92,7
7138,41,203018,6,73.13,14
7139,34,134388,19,26.23,9
7140,41,120172,16,86.42,0
7141,38,53315,8,70.68,4
7142,48,53936,20,8.37,5
7143,25,109090,1,27.04,3
7144,40,74557,19,14.16,16
7145,43,57320,19,64.78,10
7146,41,277130,14,13.77,0
7147,27,51063,1,66.87,2
7148,48,1143150,5,49.09,0
7149,30,190076,1,20.81,8
7150,20,108824,11,66.29,1
7151,43,2068257,7,36.72,20
7152,39,82233,8,7.73,14
7153,36,64239,1,49.14,6
7154,36,67609,12,63.34,1
7155,29,54646,20,78.61,5
7156,42,112937,11,19.49,6
7157,28,1099297,11,29.64,0
7158,46,104390,19,56.94,16
7159,49,54055,16,52.94,1
7160,24,121208,15,17.85,0
7161,33,69530,16,95.34,5
7162,28,278932,14,31.4,0
7163,56,114070,4,24.73,3
7164,25,68979,3,30.79,0
7165,22,52074,19,41.09,0
7166,28,80266,17,3.36,0
7167,42,54020,8,39.63,19
7168,33,576638,19,28.88,10
7169,41,157075,1,24.8,5
7170,29,57770,10,84.06,3
7171,18,64602,6,62.13,1
7172,22,56203,3,34.76,0
7173,42,149800,7,12.27,1
7174,18,195315,11,1.35,1
7175,32,151263,7,47.87,1
7176,22,99064,9,70.83,0
7177,21,53406,2,69.69,1
7178,28,431394,7,18.02,2
7179,18,76430,11,35.37,1
7180,49,61778,9,50.44,9
7181,43,143904,20,38.95,21
7182,50,55000,5,94.94,25
7183,24,125829,11,0.5,0
7184,41,174450,16,38.35,4
7185,46,270058,3,31.25,23
7186,31,104685,8,8.93,1
7187,42,323172,16,32.53,7
7188,28,55739,3,51.77,1
7189,28,446040,2,98.99,5
7190,31,103648,20,30.09,4
7191,35,56602,14,87.92,9
7192,40,82836,9,10.89,10
7193,46,126738,14,13.83,17
7194,45,1738634,3,68.4,4
7195,50,1787690,7,45.23,7
7196,33,312455,12,50.78,1
7197,33,64081,13,12.73,11
7198,30,59832,2,61.89,8
7199,34,53725,11,8.43,9
7200,36,96194,17,47.05,1
7201,56,95742,3,32.81,3
7202,31,1372309,14,7.68,6
7203,18,160416,15,8.43,1
7204,27,53970,16,52.79,3
7205,36,85705,3,95.37,4
7206,33,97679,15,21.17,1
7207,44,730538,1,35.13,10
7208,44,167425,19,58.13,6
7209,36,88033,11,80.91,12
7210,50,377588,2,58.57,9
7211,41,192824,4,51.58,19
7212,32,55810,12,79.96,10
7213,31,56411,19,83.27,8
7214,42,86997,1,28.56,2
7215,22,50807,6,72.9,0
7216,46,55025,3,11.1,10
7217,19,165532,10,25.15,1
7218,40,132588,5,0.96,2
7219,43,83211,5,74.88,6
7220,19,51865,15,37.01,1
7221,35,122040,10,75.42,0
7222,44,189438,6,98.81,2
7223,43,150097,10,27.83,6
7224,38,430482,10,67.97,0
7225,34,200055,7,89.05,8
7226,19,59323,4,21.27,0
7227,36,120955,11,65.71,7
7228,54,112185,13,18.21,26
7229,46,297477,13,28.39,21
7230,34,54666,19,28.11,2
7231,36,78926,13,84.03,14
7232,44,192242,2,40.05,2
7233,29,743022,16,26.98,0
7234,42,704409,14,85.98,18
7235,32,115097,18,41.32,7
7236,52,95968,12,11.05,0
7237,31,57239,11,45.66,3
7238,35,50352,3,55.9,13
7239,46,121612,19,59.43,3
7240,35,820745,10,83.13,5
7241,32,397104,2,4.9,3
7242,36,80599,19,38.1,11
7243,28,200146,12,73.15,3
7244,24,92943,12,71.07,0
7245,21,114240,19,3.16,0
7246,33,59083,5,1.37,6
7247,28,55643,11,81.07,2
7248,48,121577,15,96.65,2
7249,32,68955,2,94.14,2
7250,38,136772,17,68.23,3
7251,44,114135,3,97.45,16
7252,30,136139,5,58.77,0
7253,18,58618,1,44.32,0
7254,21,62660,18,48.22,1
7255,26,94039,14,5.86,4
7256,21,50151,7,38.11,1
7257,29,69880,10,24.74,2
7258,40,84794,2,49.06,16
7259,29,908741,13,43.34,2
7260,27,190709,12,35.16,0
7261,43,76169,15,2.97,13
7262,29,57274,17,56.73,0
7263,22,72381,8,81.29,0
7264,30,50586,4,0.16,0
7265,35,86013,4,83.9,5
7266,46,118635,2,11.44,5
7267,33,2462963,11,23.84,5
7268,44,120288,4,76.01,7
7269,27,88010,1,2.28,3
7270,26,801061,15,23.43,4
7271,48,300059,9,34.39,15
7272,29,96846,13,82.96,7
7273,20,80061,15,83.31,1
7274,30,64026,10,8.68,4
7275,39,91790,5,45.38,11
7276,21,157887,14,61.06,1
7277,34,74374,8,69.74,9
7278,34,184047,4,16.24,5
7279,30,1063970,20,26.11,3
7280,32,57065,17,70.13,7
7281,21,519509,6,67.56,0
7282,35,146807,14,21.71,7
7283,55,78853,8,36.19,21
7284,41,138423,8,40.91,15
7285,31,217073,10,89.19,1
7286,18,63311,20,76.82,0
7287,28,254871,10,9.03,4
7288,24,63449,3,22.09,2
7289,38,69881,13,55.31,0
7290,26,144477,6,99.32,2
7291,43,102777,14,1.86,13
7292,19,168004,7,72.41,1
7293,31,648769,18,97.44,0
7294,36,102941,1,1.35,9
7295,30,85753,1,60.61,6
7296,18,65499,6,12.02,1
7297,34,934425,14,20.02,6
7298,43,176939,1,95.95,5
7299,51,530520,18,65.4,6
7300,25,56347,1,32.64,2
7301,20,8085299,5,2.6,1
7302,25,145834,12,68.63,0
7303,40,377489,3,8.79,6
7304,27,686751,8,72.68,5
7305,29,85330,14,2.71,4
7306,48,265629,18,10.38,22
7307,40,312005,16,32.17,10
7308,26,112339,6,7.69,2
7309,45,56407,17,22.22,18
7310,19,72681,6,40.85,0
7311,42,59966,18,27.97,0
7312,29,52480,7,76.78,3
7313,26,833712,8,89.57,4
7314,51,82128,1,68.61,2
7315,31,399879,1,64.57,1
7316,23,53114,19,15.7,0
7317,32,2216772,1,52.92,5
7318,19,69340,11,36.7,1
7319,30,50404,19,20.69,6
7320,21,65631,17,11.89,0
7321,31,58951,13,29.24,5
7322,33,74982,3,27.86,1
7323,53,746340,14,36.65,28
7324,45,106418,20,14.66,16
7325,54,130886,12,12.45,22
7326,24,54756,20,91.79,1
7327,35,177874,3,57.97,4
7328,21,73989,4,33.71,0
7329,43,413110,5,92.95,18
7330,18,50170,5,81.38,1
7331,33,124281,9,36.01,2
7332,48,53379,3,15.72,26
7333,44,55033,13,6.38,14
7334,34,174371,16,12.17,8
7335,37,124190,9,33.39,9
7336,44,70275,2,3.06,12
7337,32,127092,7,94.44,3
7338,38,240596,7,42.55,15
7339,37,324361,2,92.56,8
7340,22,85073,6,88.41,1
7341,43,144961,14,94.07,4
7342,41,117741,8,32.44,14
7343,19,60707,5,73.01,1
7344,18,139953,8,61.06,0
7345,20,61259,10,85.91,1
7346,18,237293,17,44.86,0
7347,52,271547,3,35.06,19
7348,19,56673,18,12.5,1
7349,23,113772,11,37.53,1
7350,55,57136,9,96.1,16
7351,36,145243,13,50.21,4
7352,30,119896,14,92.82,5
7353,33,61690,3,97.38,2
7354,19,220464,8,56.37,0
7355,46,86515,19,17.84,21
7356,18,66092,19,77.75,1
7357,43,90482,13,1.85,17
7358,49,276903,19,80.61,3
7359,28,320356,1,74.01,1
7360,44,60217,15,8.07,6
7361,49,458435,5,52.97,21
7362,23,133052,8,37.76,1
7363,29,210208,12,70.73,2
7364,32,151477,17,82.81,0
7365,30,126449,1,36.53,1
7366,45,62507,11,92.44,22
7367,27,81251,20,25.14,5
7368,25,115876,5,80.78,0
7369,44,117215,2,32.58,21
7370,21,142904,10,42.82,0
7371,29,1635767,5,34.15,1
7372,44,224016,9,92.85,14
7373,42,127113,20,94.01,1
7374,28,50484,14,70.54,5
7375,26,128618,12,7.83,4
7376,51,90439,3,76.01,12
7377,44,123743,18,44.84,2
7378,30,216657,20,20.86,5
7379,34,136466,10,93.86,11
7380,45,103017,19,27.58,14
7381,30,62342,16,27.12,4
7382,35,73703,15,50.01,9
7383,42,60322,13,46.96,1
7384,42,66693,12,5.91,4
7385,28,73693,1,17.24,2
7386,23,61674,5,37.98,0
7387,38,476231,11,67.16,15
7388,54,316273,10,14.06,22
7389,30,177569,11,38.44,7
7390,42,83078,19,90.39,3
7391,32,497457,20,85.67,2
7392,40,377533,7,1.31,0
7393,31,64642,13,15.71,8
7394,36,323194,11,15.78,10
7395,25,67234,6,68.56,1
7396,43,158941,13,3.6,10
7397,26,57867,4,42.09,0
7398,40,140112,3,69.22,2
7399,44,73291,1,67.26,3
7400,28,213896,18,49.03,5
7401,31,161653,7,93.93,6
7402,18,421361,14,45.52,0
7403,41,52253,18,16.26,9
7404,56,62666,2,87.8,29
7405,30,65986,3,70.17,6
7406,28,82571,20,74.36,5
7407,33,126793,18,19.8,10
7408,61,6628394,15,50.18,24
7409,27,166580,5,97.27,0
7410,42,4808358,17,22.3,19
7411,25,105908,19,42.07,0
7412,35,3277679,18,29.76,3
7413,27,50304,14,42.57,3
7414,38,100319,9,32.39,9
7415,33,106201,1,41.21,9
7416,43,105265,20,90.23,11
7417,31,98114,20,21.26,7
7418,42,60521,1,32.66,11
7419,34,170197,12,64.65,11
7420,35,76278,16,14.14,6
7421,29,71961,17,5.08,6
7422,22,77484,17,65.4,0
7423,40,435140,15,12.33,2
7424,30,70282,17,66.69,2
7425,49,97431,12,54.73,10
7426,52,56288,12,61.59,15
7427,37,96850,20,51.06,10
7428,32,78629,19,65.77,2
7429,59,59876,12,24.31,12
7430,38,85859,16,15.3,4
7431,31,241661,2,10.1,8
7432,29,271081,7,83.82,6
7433,40,58885,15,68.0,17
7434,45,94915,12,34.86,23
7435,51,225945,7,12.32,18
7436,40,51259,10,33.87,14
7437,44,100734,2,63.86,2
7438,36,121779,5,4.99,2
7439,37,343205,6,74.65,8
7440,44,87064,19,36.94,3
7441,25,603250,8,96.93,0
7442,49,60823,2,70.68,21
7443,34,105976,19,38.06,8
7444,33,80293,10,80.6,2
7445,45,51802,19,62.18,9
7446,41,102659,8,48.98,1
7447,22,158841,11,18.88,0
7448,41,1727111,20,94.92,18
7449,58,936292,11,10.19,5
7450,35,56362,8,2.99,0
7451,39,251004,17,22.19,7
7452,24,100429,14,80.47,1
7453,31,166580,6,98.96,7
7454,32,409108,12,23.9,6
7455,18,61486,17,57.82,1
7456,42,133650,16,52.27,3
7457,33,81724,9,83.95,4
7458,52,56080,3,92.68,11
7459,39,174624,18,5.7,4
7460,32,73590,19,70.95,1
7461,38,59115,20,83.16,2
7462,34,62896,16,37.68,1
7463,21,282802,4,43.9,1
7464,49,397220,16,29.28,7
7465,30,177607,2,49.59,1
7466,34,229894,18,70.27,11
7467,27,283138,12,19.58,1
7468,19,203625,1,47.51,0
7469,28,402402,2,64.57,1
7470,25,308160,1,43.21,0
7471,29,201220,19,24.93,2
7472,38,145047,1,19.33,6
7473,24,104134,12,87.95,1
7474,45,76633,6,47.72,5
7475,45,98264,4,2.29,12
7476,40,870065,14,91.38,9
7477,35,102414,3,43.96,8
7478,53,57691,11,69.36,25
7479,18,313849,18,98.69,1
7480,44,200062,11,0.6,6
7481,48,80497,7,74.49,7
7482,54,294486,15,54.1,8
7483,21,56047,14,87.74,0
7484,43,79094,19,3.84,0
7485,34,57136,13,12.72,10
7486,46,153141,17,81.48,19
7487,42,77757,16,22.31,0
7488,36,124942,13,45.75,5
7489,22,82869,3,13.11,1
7490,31,173421,9,12.83,6
7491,55,64640,8,93.21,4
7492,44,274265,1,66.0,8
7493,28,156833,12,47.76,1
7494,18,1492198,8,90.68,0
7495,51,78969,15,69.46,19
7496,35,105571,1,0.94,5
7497,35,109268,12,39.23,8
7498,31,303240,16,51.1,2
7499,40,240883,20,84.3,8
7500,18,76834,7,87.21,0
7501,27,139613,11,36.0,3
7502,25,309643,17,3.65,2
7503,37,85848,13,54.42,12
7504,41,480667,16,65.38,19
7505,50,62087,15,86.19,5
7506,26,240977,12,24.04,2
7507,30,76710,10,28.64,2
7508,38,413205,16,33.99,4
7509,26,75278,10,31.56,4
7510,43,61354,16,31.99,10
7511,30,90871,6,97.46,1
7512,36,57245,6,17.81,7
7513,25,68774,2,6.35,2
7514,39,76872,14,12.57,6
7515,21,832268,7,60.61,1
7516,34,58083,20,11.49,7
7517,35,54580,9,95.26,8
7518,49,102970,17,62.61,8
7519,41,67735,4,48.55,15
7520,24,58382,12,92.25,1
7521,31,333283,11,59.4,4
7522,19,332404,15,49.75,1
7523,40,710626,15,4.47,8
7524,27,86501,18,10.4,5
7525,26,204410,4,60.5,2
7526,40,102931,1,97.99,9
7527,32,53356,2,97.16,6
7528,32,92306,9,64.62,3
7529,37,76836,20,99.71,9
7530,41,76132,1,15.68,18
7531,23,214055,15,81.52,0
7532,38,66577,11,40.83,1
7533,53,79305,9,82.74,7
7534,41,83022,2,97.01,11
7535,33,232817,13,2.93,8
7536,18,111741,2,64.41,1
7537,40,83071,4,14.16,4
7538,33,219838,7,43.33,2
7539,32,51451,16,96.87,0
7540,34,64978,15,93.68,7
7541,27,75927,7,84.55,3
7542,52,81841,20,55.89,19
7543,35,234816,11,57.82,3
7544,26,86938,10,77.2,2
7545,18,60488,14,65.33,1
7546,46,134237,11,27.25,13
7547,27,113773,8,39.6,2
7548,40,50293,15,37.4,17
7549,45,503052,4,24.9,14
7550,33,54316,2,24.16,0
7551,24,969145,9,82.1,1
7552,40,125219,17,78.06,14
7553,55,128884,11,67.79,31
7554,28,242885,7,46.72,1
7555,58,418519,8,79.73,26
7556,23,92279,10,57.04,0
7557,26,78030,1,23.43,4
7558,51,50934,15,54.89,18
7559,47,59847,20,60.9,18
7560,43,63505,1,11.41,5
7561,33,264100,8,3.55,10
7562,18,91992,13,42.69,0
7563,43,93964,11,36.99,12
7564,44,116010,6,17.2,1
7565,30,84274,6,94.08,8
7566,40,144460,12,42.93,12
7567,27,60595,3,52.63,1
7568,40,87627,16,1.07,15
7569,23,297769,10,37.03,0
7570,30,1012543,8,97.81,4
7571,19,66496,20,67.89,1
7572,29,310763,11,64.44,7
7573,43,143338,10,96.01,3
7574,27,308548,16,17.42,3
7575,30,88750,17,41.3,7
7576,42,234992,14,22.54,12
7577,31,585374,11,45.0,7
7578,49,291241,20,96.57,5
7579,45,248915,4,94.01,7
7580,24,114664,1,47.19,1
7581,45,141373,7,49.5,3
7582,32,59113,17,33.85,4
7583,19,55943,6,21.13,1
7584,32,94776,1,61.53,3
7585,24,235411,7,69.02,2
7586,50,58907,8,79.79,26
7587,36,60260,11,94.99,2
7588,39,58670,7,49.13,6
7589,47,89380,6,89.28,17
7590,25,53954,3,50.97,2
7591,33,141858,13,35.97,2
7592,38,110750,1,79.28,15
7593,38,96552,12,83.56,14
7594,32,92364,10,10.23,10
7595,31,343766,2,72.25,1
7596,38,58163,9,70.53,10
7597,23,133562,9,93.84,1
7598,43,165452,14,99.36,8
7599,35,77813,13,76.24,11
7600,23,145327,2,70.46,1
7601,35,58264,12,72.43,7
7602,45,284649,7,28.6,9
7603,34,69634,12,95.6,3
7604,49,60978,19,22.24,14
7605,43,75208,2,25.49,17
7606,30,445598,4,55.57,0
7607,51,52656,1,95.75,18
7608,42,159683,9,37.5,15
7609,28,111438,13,33.18,2
7610,33,124075,20,26.72,7
7611,34,257223,13,5.28,2
7612,21,113071,3,40.79,1
7613,47,192290,19,33.7,16
7614,34,300308,17,67.88,11
7615,44,52802,5,61.54,16
7616,27,89025,20,64.17,3
7617,37,63419,1,67.57,3
7618,22,140352,12,93.0,0
7619,32,685697,3,35.81,1
7620,43,102213,20,40.79,17
7621,30,58489,3,17.88,7
7622,31,69933,14,67.97,2
7623,28,125403,6,50.43,1
7624,34,107740,12,93.16,6
7625,48,65959,10,68.47,23
7626,30,59282,13,86.26,8
7627,40,99050,8,96.53,18
7628,32,89897,19,12.2,1
7629,54,127065,7,86.51,19
7630,18,50396,8,89.9,1
7631,39,107429,16,45.3,11
7632,54,258623,19,85.31,3
7633,28,147026,4,58.29,3
7634,33,76437,8,46.9,8
7635,31,88276,3,22.99,2
7636,51,56899,2,77.19,11
7637,37,1165817,4,55.35,8
7638,20,82311,4,7.57,0
7639,32,62885,18,74.94,9
7640,36,55992,11,34.78,5
7641,33,248315,13,5.04,10
7642,46,649307,4,74.6,17
7643,58,58550,5,73.21,34
7644,35,75858,8,59.38,0
7645,36,59896,19,64.07,13
7646,27,58775,15,97.44,0
7647,40,82842,4,57.61,8
7648,35,50887,13,24.04,9
7649,35,58414,19,64.65,3
7650,26,163910,1,93.38,3
7651,19,50294,12,80.32,1
7652,41,1136071,17,61.91,13
7653,50,200361,13,5.41,19
7654,35,333168,15,76.4,9
7655,46,67556,5,38.23,14
7656,32,175390,13,9.08,5
7657,31,80126,19,82.55,0
7658,29,79151,4,25.6,3
7659,64,58736,20,53.83,32
7660,32,351180,13,27.91,10
7661,49,134850,7,45.01,6
7662,32,87713,9,95.08,1
7663,40,273937,13,24.62,10
7664,30,163364,4,4.14,7
7665,29,141104,15,59.75,2
7666,30,79910,5,26.78,0
7667,28,2776313,6,60.11,1
7668,22,216813,4,84.17,0
7669,18,88156,11,71.06,0
7670,59,183984,6,78.04,0
7671,21,137043,4,76.38,0
7672,19,52918,10,22.82,1
7673,37,117202,5,92.21,13
7674,46,277794,10,85.44,8
7675,31,985095,16,72.98,6
7676,40,69859,12,25.59,5
7677,24,3296170,18,36.32,2
7678,41,51657,7,51.11,3
7679,47,68883,12,86.91,24
7680,27,50423,9,81.73,2
7681,33,2416190,9,41.06,3
7682,31,72822,3,81.63,7
7683,34,54271,11,26.59,4
7684,44,73394788,18,72.32,18
7685,35,94209,7,55.62,5
7686,29,127416,9,8.78,5
7687,42,149230,3,89.24,17
7688,23,60771,6,41.14,1
7689,29,138713,16,49.23,7
7690,32,134259,14,70.78,6
7691,50,80547,6,67.51,28
7692,21,76528,13,64.17,1
7693,25,56311,9,58.3,1
7694,32,219629,13,26.02,6
7695,32,200509,13,53.76,1
7696,19,78497,16,87.76,1
7697,38,66992,20,51.13,7
7698,43,68657,11,90.02,9
7699,39,248254,13,24.49,2
7700,50,91933,17,32.33,18
7701,31,260680,4,71.83,7
7702,18,174455,8,54.15,0
7703,18,141857,13,91.67,0
7704,32,64871,16,8.26,9
7705,29,99333,20,88.52,3
7706,33,199234,14,63.02,10
7707,27,110019,2,55.96,2
7708,25,139186,9,8.14,0
7709,18,105813,10,40.3,1
7710,29,471199,3,34.69,7
7711,66,133927,18,42.88,39
7712,35,148375,10,25.67,7
7713,37,210462,20,36.18,12
7714,31,78515,5,45.78,4
7715,32,55899,16,23.81,8
7716,44,764283,5,90.15,17
7717,57,192872,5,67.28,15
7718,19,87736,1,88.04,1
7719,39,273686,11,28.31,13
7720,28,6444931,11,62.63,4
7721,38,182037,11,78.2,11
7722,27,108497,10,34.22,0
7723,18,57616,4,53.93,0
7724,37,76452,13,56.82,12
7725,21,68129,14,5.51,0
7726,35,332236,16,18.95,11
7727,44,64726,3,97.9,11
7728,21,53525,12,66.8,1
7729,37,73309,13,86.76,7
7730,32,366264,8,62.41,2
7731,24,67455,18,26.76,1
7732,28,54693,3,90.82,3
7733,54,754162,11,76.22,20
7734,45,63339,6,65.42,14
7735,46,67191,2,15.37,3
7736,35,71593,4,93.17,6
7737,37,312148,18,65.71,1
7738,37,571090,8,43.29,7
7739,39,61541,20,13.74,6
7740,30,173008,9,68.15,1
7741,39,61412,18,35.36,12
7742,37,63077,3,12.15,7
7743,33,83744,3,70.76,4
7744,28,77785,4,80.82,1
7745,20,170906,2,36.73,1
7746,34,55712,13,58.64,3
7747,40,65287,18,11.51,18
7748,36,53679,1,73.98,7
7749,36,80190,9,90.66,2
7750,21,57517,10,20.65,1
7751,39,473710,11,64.62,13
7752,20,74359,10,36.77,1
7753,23,363509,8,99.98,0
7754,22,70363,12,7.43,0
7755,48,93557,9,38.62,24
7756,48,561687,1,76.74,9
7757,38,65995,3,4.55,9
7758,31,78080,5,41.84,1
7759,43,587968,16,56.18,5
7760,41,160731,20,47.78,18
7761,35,264730,9,16.96,1
7762,34,2197404,17,62.06,1
7763,33,98958,17,65.9,9
7764,36,89416,11,7.57,7
7765,18,85332,4,73.85,1
7766,37,97711,11,34.2,0
7767,38,645218,3,97.36,0
7768,21,102455,14,22.23,0
7769,39,55446,16,34.53,7
7770,39,78181,18,69.11,3
7771,22,68208,14,80.22,0
7772,32,54368,20,11.47,2
7773,18,67086,11,35.42,1
7774,26,57279,9,93.22,2
7775,35,518201,2,19.8,8
7776,23,55456,6,5.02,1
7777,27,869430,18,20.18,2
7778,33,354832,9,73.32,8
7779,18,230528,7,12.36,0
7780,18,99915,12,20.2,0
7781,23,76063,9,80.5,1
7782,49,75512,3,37.82,2
7783,27,62757,14,82.84,5
7784,20,55678,8,16.56,0
7785,38,79584,12,46.7,2
7786,38,81292,17,45.58,2
7787,34,67499,6,99.84,9
7788,29,134253,10,61.12,6
7789,49,70539,7,6.41,23
7790,25,56252,16,58.72,0
7791,29,106877,3,81.28,4
7792,26,281953,3,32.45,2
7793,41,60936,11,94.6,11
7794,43,92363,19,14.76,19
7795,61,60682,17,16.77,31
7796,37,50694,19,78.9,3
7797,56,315308,9,19.69,0
7798,47,1129923,7,60.69,24
7799,35,158678,10,63.95,8
7800,23,85676,8,12.41,1
7801,45,55862,12,90.17,2
7802,38,77232,2,35.85,8
7803,44,68982,10,71.82,5
7804,36,62405,8,54.61,7
7805,35,161093,14,63.02,3
7806,52,53599,15,60.42,27
7807,22,50456,14,45.15,0
7808,26,10340122,8,54.28,3
7809,36,50979,5,50.78,8
7810,40,60489,13,1.37,8
7811,37,72632,20,26.08,9
7812,36,105437,3,50.7,3
7813,18,155379,13,13.2,1
7814,31,184922,4,95.51,9
7815,40,65438,18,24.41,10
7816,26,60931,13,91.59,4
7817,26,579378,10,28.19,3
7818,27,61088,11,26.55,0
7819,35,196347,15,71.06,3
7820,25,114078,4,72.68,0
7821,25,142845,10,9.88,3
7822,29,107007,8,71.97,2
7823,39,531471,16,62.62,1
7824,22,107342,11,20.92,1
7825,48,232633,8,14.36,2
7826,34,60385,10,32.85,5
7827,26,82229,7,96.22,4
7828,38,74423,3,47.8,13
7829,47,91648,5,42.74,0
7830,46,205126,8,64.84,23
7831,28,104118,6,74.06,2
7832,41,121581,3,36.42,18
7833,28,2030501,15,60.65,4
7834,47,165576,9,73.54,12
7835,18,68980,7,84.2,1
7836,34,71924,3,81.72,10
7837,48,197292,5,87.27,26
7838,19,87850,11,84.57,1
7839,47,428812,18,72.52,1
7840,38,97487,12,57.77,15
7841,24,97382,10,37.03,2
7842,47,239249,7,8.45,11
7843,36,94151,12,13.32,10
7844,22,36072147,9,12.77,0
7845,26,511034,13,53.87,3
7846,57,58979,5,9.37,1
7847,40,127231,15,38.56,9
7848,27,140915,16,74.08,0
7849,34,115110,5,15.35,2
7850,33,128458,17,6.63,0
7851,22,109926,16,44.36,0
7852,50,68409,6,34.46,3
7853,32,55456,15,21.1,9
7854,31,152916,12,46.4,7
7855,18,77798,2,40.31,1
7856,28,169054,16,53.7,6
7857,45,147522,4,5.79,5
7858,18,922711,3,63.5,1
7859,23,95935,5,92.04,1
7860,39,96840,17,64.94,16
7861,30,54300,4,17.6,6
7862,20,81700,9,99.54,0
7863,44,105705,5,87.42,13
7864,30,141711,8,70.17,5
7865,25,1311267,1,98.34,2
7866,33,85264,9,60.79,9
7867,39,1304194,5,62.05,2
7868,38,244844,19,5.6,8
7869,31,166282,14,18.88,1
7870,29,126039,14,97.87,2
7871,29,70337,11,92.91,0
7872,56,164663,10,26.78,32
7873,32,59102,13,6.22,6
7874,33,60764,5,76.79,5
7875,30,82120,15,40.11,7
7876,41,276016,1,1.8,19
7877,31,355721,16,55.04,7
7878,31,66274,20,48.54,7
7879,44,98338,9,42.0,5
7880,28,83104,1,44.47,5
7881,28,157157,20,50.01,6
7882,37,87394,10,0.07,8
7883,25,51278,18,66.9,3
7884,36,125574,13,15.53,12
7885,18,67281,13,35.74,0
7886,34,50616,16,28.37,2
7887,35,271477,1,96.76,11
7888,22,86216,3,16.16,0
7889,48,372284,11,5.57,21
7890,24,275281,20,4.49,0
7891,29,199440,20,92.45,0
7892,40,248845,2,56.59,8
7893,18,83040,1,51.74,0
7894,19,118577,11,13.26,0
7895,23,509091,6,68.29,0
7896,46,82633,11,25.88,5
7897,34,112424,19,64.85,4
7898,34,67336,11,60.54,1
7899,46,444304,9,17.59,7
7900,56,161057,2,74.56,27
7901,21,247570,19,24.92,1
7902,33,131463,9,7.93,10
7903,27,495768,12,65.4,3
7904,26,69204,2,98.61,2
7905,37,119087,15,31.45,5
7906,34,1260537,11,14.74,8
7907,26,217100,12,96.13,4
7908,24,790353,18,25.54,1
7909,32,67531,11,31.28,4
7910,48,68634,9,2.17,26
7911,54,61330,19,62.12,23
7912,51,117952,1,30.35,25
7913,38,55434,11,22.21,13
7914,32,326944,1,91.44,1
7915,27,52099,3,95.54,3
7916,37,55779,10,89.91,12
7917,42,151505,17,64.14,20
7918,43,57764,2,9.07,17
7919,42,81273,18,74.64,2
7920,47,134727,5,73.4,12
7921,52,76976,11,2.1,4
7922,30,116722,17,45.52,6
7923,35,66211,20,94.78,3
7924,41,256074,10,67.73,2
7925,55,59702,12,97.02,5
7926,27,181247,2,15.0,1
7927,27,54016,1,33.41,5
7928,22,58366,10,45.39,1
7929,35,81529,17,65.77,4
7930,23,1362605,12,14.61,0
7931,37,350040,5,49.52,2
7932,26,76029,1,33.73,1
7933,49,107471,17,75.64,4
7934,31,81851,19,99.15,6
7935,46,57422,10,53.64,13
7936,27,78512,13,14.25,4
7937,24,86685,9,26.49,2
7938,20,58886,1,20.75,1
7939,44,109019,7,15.99,19
7940,31,271286,17,5.16,4
7941,41,108002,19,81.35,9
7942,26,66397,20,50.58,3
7943,26,105900,14,85.85,2
7944,22,86435,13,36.5,1
7945,34,83727,3,88.09,12
7946,23,418612,16,39.33,1
7947,33,105326,15,43.61,5
7948,46,88171,3,28.27,14
7949,33,50688,8,42.66,4
7950,34,72099,4,15.26,7
7951,30,90938,4,9.34,5
7952,42,85178,19,26.14,15
7953,49,957055,14,62.09,27
7954,43,51813,19,9.2,11
7955,28,2366794,12,25.35,0
7956,27,3400973,7,21.62,2
7957,34,113872,16,69.79,1
7958,49,245588,7,82.27,27
7959,40,57492,1,23.61,18
7960,36,134760,12,91.49,13
7961,31,76589,19,66.24,8
7962,52,118017,18,16.45,28
7963,35,212624,16,96.83,6
7964,27,89424,19,51.15,4
7965,35,128056,16,86.98,12
7966,26,56509,11,95.5,2
7967,30,421341,5,64.48,5
7968,32,245680,12,33.8,5
7969,46,88706,8,27.29,11
7970,32,593066,18,69.08,6
7971,32,71658,16,13.44,4
7972,35,59275,18,88.78,0
7973,23,58303,12,78.38,1
7974,37,182247,12,88.83,12
7975,45,112957,12,80.06,8
7976,39,51232,9,84.93,15
7977,32,148608,13,59.52,0
7978,50,65525,18,54.81,6
7979,30,275239,3,93.41,6
7980,37,210150,6,27.73,15
7981,28,190127,10,61.97,2
7982,18,99748,10,6.3,0
7983,43,642370,16,81.73,16
7984,43,454389,15,66.05,12
7985,32,78579,8,38.34,8
7986,32,71484,13,3.83,2
7987,24,606401,3,28.6,2
7988,31,65155,20,0.27,9
7989,38,64209,20,47.93,15
7990,41,165479,10,99.44,19
7991,33,58407,2,92.75,4
7992,41,305850,4,99.22,3
7993,21,51861,5,86.22,1
7994,53,106690,17,67.47,1
7995,18,51614,11,53.37,1
7996,22,387025,4,13.41,1
7997,30,112876,13,95.92,2
7998,44,148137,10,34.57,19
7999,20,84544,5,45.25,1
8000,43,111629,2,88.96,16
8001,18,132208,7,70.45,0
8002,34,61473,9,41.28,2
8003,19,60140,20,57.8,0
8004,21,56072,11,40.94,1
8005,44,119401,13,96.24,15
8006,40,125371,4,53.33,18
8007,38,84575,16,61.06,14
8008,39,556190,20,92.96,8
8009,37,181562,12,82.09,14
8010,23,385004,1,0.42,0
8011,38,129862,13,82.76,7
8012,33,93368,19,30.64,3
8013,34,446627,13,21.43,12
8014,36,51907,12,28.58,1
8015,21,2836057,7,44.18,1
8016,37,340168,19,65.22,7
8017,34,71269,9,43.02,4
8018,36,93426,6,39.01,2
8019,40,56724,1,37.2,6
8020,30,207577,16,43.28,5
8021,18,365571,11,67.76,1
8022,21,138398,10,75.47,1
8023,46,358642,5,98.15,12
8024,40,147021,7,83.4,17
8025,46,78347,10,74.54,9
8026,39,57271,4,58.85,15
8027,40,81961,3,88.88,1
8028,49,2122256,16,99.68,18
8029,32,68313,10,75.86,8
8030,31,57366,6,5.19,3
8031,47,95253,12,10.56,3
8032,20,73657,20,9.43,0
8033,56,99477,7,17.78,5
8034,35,92353,17,65.37,12
8035,32,77161,7,88.62,9
8036,39,65848,13,61.43,14
8037,34,52214,9,52.21,12
8038,52,144093,11,27.1,2
8039,41,381474,11,70.55,19
8040,18,101260,11,79.63,1
8041,26,949125,19,99.22,0
8042,28,174265,1,28.65,5
8043,39,69911,11,70.33,1
8044,27,62177,10,45.28,4
8045,32,53089,5,42.32,10
8046,31,51281,10,99.84,0
8047,32,176597,18,18.83,10
8048,42,94024,13,80.87,12
8049,23,6472406,17,10.88,1
8050,41,64327,18,63.28,0
8051,42,50952,8,74.11,15
8052,37,554573,3,30.81,7
8053,29,110151,11,76.51,5
8054,36,54595,6,22.73,10
8055,19,380226,13,5.82,1
8056,40,59011,12,55.54,7
8057,23,88650,13,90.07,0
8058,25,1439330,17,23.43,3
8059,42,109662,10,0.87,4
8060,60,124241,5,38.79,26
8061,47,111036,17,18.51,11
8062,38,102372,1,67.34,1
8063,45,674557,3,79.03,9
8064,30,59416,9,2.37,8
8065,35,57625,17,27.36,9
8066,30,57210,11,66.23,2
8067,34,86277,12,0.61,8
8068,44,425064,6,3.25,17
8069,43,142900,12,48.76,3
8070,50,52223,11,64.76,21
8071,26,77141,3,89.78,3
8072,18,53913,13,85.11,0
8073,26,76311,3,20.49,1
8074,37,292400,17,25.39,5
8075,44,74757,7,12.23,9
8076,26,64003,4,25.59,4
8077,42,71435,16,33.21,18
8078,45,881660,16,81.6,18
8079,33,740231,4,32.63,6
8080,38,74867,1,91.82,12
8081,27,155943,4,9.27,1
8082,18,106732,19,33.81,1
8083,30,68115,18,75.94,7
8084,46,108487,14,25.48,0
8085,32,91190,11,19.3,2
8086,33,257458,20,16.87,2
8087,43,181667,18,28.32,6
8088,20,101603,14,87.03,0
8089,37,80732,10,31.39,12
8090,45,50123,9,93.05,20
8091,58,88963,3,33.02,0
8092,18,211663,2,79.61,0
8093,48,77986,10,1.5,10
8094,36,242689,15,94.84,5
8095,28,63100,13,91.44,0
8096,26,74175,1,35.67,2
8097,53,52562,7,14.91,5
8098,23,101942,12,50.11,1
8099,24,52142,14,37.32,1
8100,40,77215,7,75.31,10
8101,25,110709,3,96.83,2
8102,32,411374,6,24.91,5
8103,37,51535,6,93.22,5
8104,18,464423,20,75.65,1
8105,27,102043,11,32.76,2
8106,44,123836,16,31.25,2
8107,40,116395,17,83.4,13
8108,18,135583,19,36.26,0
8109,26,58992,8,64.1,2
8110,36,75496,7,18.77,0
8111,39,136572,6,38.38,14
8112,56,70532,7,88.38,13
8113,37,54451,4,3.83,15
8114,43,2086872,2,39.17,2
8115,31,550185,15,49.42,1
8116,37,79898,12,7.02,9
8117,50,213446,5,55.72,9
8118,25,91380,17,35.47,2
8119,40,234669,16,34.04,3
8120,38,317844,7,77.46,5
8121,40,302695,14,43.59,14
8122,26,175932,14,83.36,0
8123,42,59473,17,79.21,11
8124,55,123543,18,33.84,10
8125,18,90890,10,35.72,0
8126,34,53720,6,49.47,8
8127,56,72267,1,4.65,31
8128,43,338263,12,63.97,5
8129,32,5767932,19,67.72,1
8130,40,57197,10,57.9,6
8131,44,113384,9,23.41,6
8132,43,161659,15,11.58,11
8133,43,82437,6,84.24,4
8134,29,166265,11,55.08,5
8135,47,227973,2,83.69,21
8136,51,178339,7,67.19,7
8137,35,142424,17,39.98,13
8138,43,59860,11,74.47,16
8139,42,541811,20,20.96,7
8140,39,663578,12,67.39,17
8141,32,8672578,8,16.26,0
8142,34,58625,1,5.63,4
8143,30,398691,12,90.8,5
8144,35,242397,19,36.23,1
8145,40,370054,5,7.96,0
8146,32,142375,15,57.11,6
8147,49,364409,4,63.51,19
8148,38,184250,13,20.35,11
8149,26,224433,14,88.53,0
8150,24,337013,13,6.85,2
8151,25,52843,11,52.2,1
8152,46,81264,8,88.35,1
8153,55,96089,16,10.57,32
8154,41,4408129,4,15.58,17
8155,26,112365,17,22.24,0
8156,22,58943,9,99.41,1
8157,39,61780,8,60.64,8
8158,40,54132,20,97.81,0
8159,57,77537,2,12.09,4
8160,32,173232,17,72.06,5
8161,29,481622,2,62.59,4
8162,30,50346,19,85.38,3
8163,34,155058,14,64.68,4
8164,34,65635,7,31.24,2
8165,35,85185,5,55.94,11
8166,34,6189263,12,63.6,1
8167,59,147146,1,70.04,30
8168,20,53558,7,22.54,0
8169,63,52173,12,84.01,2
8170,28,208183,9,62.13,0
8171,54,97465,15,16.46,30
8172,37,74427,16,51.9,2
8173,46,653666,2,5.19,20
8174,24,294878,20,55.39,2
8175,31,313290,14,76.6,0
8176,27,116982,19,84.64,3
8177,27,71300,7,43.92,1
8178,18,80937,19,96.77,0
8179,26,89816,1,10.93,1
8180,34,134201,16,46.35,11
8181,37,375710,11,84.9,1
8182,36,55354,17,10.67,8
8183,35,58279,6,42.03,4
8184,53,60958,2,72.78,26
8185,32,114439,6,54.34,5
8186,34,165786,2,39.31,4
8187,54,164523,3,72.08,20
8188,29,67681,7,43.19,5
8189,19,190435,15,42.54,0
8190,41,666849,20,6.04,8
8191,42,1630200,2,60.94,3
8192,34,71083,19,7.04,0
8193,39,86292,13,36.96,12
8194,46,206238,2,51.74,13
8195,52,67831,10,67.97,26
8196,29,53987,14,43.54,5
8197,33,853543,5,56.32,1
8198,26,127822,13,97.51,3
8199,52,84072,3,20.79,17
8200,34,338784,7,99.18,0
8201,40,145943,13,55.81,3
8202,43,101309,3,56.47,19
8203,30,144044,17,7.33,0
8204,39,52924,3,13.49,6
8205,37,99679,8,37.58,14
8206,20,69355,14,16.86,0
8207,26,50313,16,94.84,4
8208,34,180462,12,73.39,11
8209,37,60625,14,73.82,12
8210,18,164810,14,74.83,1
8211,18,469574,8,54.84,1
8212,24,55976,5,22.78,2
8213,45,67747,10,50.18,17
8214,47,68396,12,32.81,16
8215,33,183650,3,69.0,7
8216,41,78101,16,26.73,6
8217,22,72227,20,37.61,0
8218,33,57604,18,16.28,0
8219,42,53860,1,83.31,7
8220,31,1201659,18,74.82,0
8221,28,76397,17,6.1,0
8222,25,154404,2,47.62,2
8223,53,663403,6,61.59,19
8224,33,70518,3,88.14,10
8225,43,328946,12,40.95,3
8226,50,62620,12,95.25,4
8227,34,50154,13,68.43,9
8228,43,954592,1,50.98,8
8229,24,962368,13,64.89,0
8230,29,6551916,2,48.45,3
8231,46,51124,14,74.96,3
8232,45,71873,3,90.39,14
8233,33,52390,7,23.47,11
8234,27,150263,14,7.58,5
8235,41,61919,1,94.56,0
8236,42,60208,8,16.69,16
8237,32,90987,20,1.3,2
8238,32,54253,8,77.71,8
8239,25,105946,14,25.64,3
8240,33,62070,11,1.05,11
8241,32,58252,8,78.79,2
8242,40,181048,1,29.44,6
8243,32,79994,2,21.33,1
8244,48,188950,12,60.18,12
8245,42,78638,10,38.04,0
8246,29,176853,13,10.65,3
8247,49,91901,5,52.72,14
8248,52,322252,20,58.12,0
8249,49,51711,5,8.5,8
8250,38,213527,12,84.76,16
8251,21,50258,6,35.99,1
8252,47,305630,2,1.04,8
8253,42,176877,13,2.82,12
8254,43,119794,11,46.09,8
8255,58,64208,4,92.19,20
8256,43,91217,18,37.23,15
8257,33,122047,1,65.96,7
8258,34,936898,16,75.99,7
8259,50,275462,13,47.53,14
8260,49,53501,6,49.97,18
8261,36,102520,4,63.7,14
8262,25,74077,6,16.84,3
8263,38,116693,1,77.78,8
8264,28,54407,17,50.71,0
8265,44,72766,4,51.03,11
8266,40,917732,11,27.23,1
8267,37,62866,9,47.66,8
8268,25,1239049,18,85.63,2
8269,34,160170,17,18.27,9
8270,33,84951,7,52.28,4
8271,36,808292,14,46.3,5
8272,33,193792,18,32.63,1
8273,37,123706,14,46.89,13
8274,24,138313,3,85.26,2
8275,43,145822,4,89.07,9
8276,49,13139108,9,83.19,7
8277,42,84016,3,44.45,12
8278,50,645787,1,13.76,5
8279,28,669484,8,67.63,4
8280,45,1450549,17,70.83,17
8281,33,54760,13,70.46,9
8282,50,104246,15,31.63,14
8283,30,120934,8,53.94,1
8284,22,90037,8,12.94,1
8285,35,64309,17,82.15,11
8286,18,625495,8,62.29,1
8287,26,70632,13,45.2,4
8288,35,61659,19,67.19,11
8289,27,81680,18,91.97,4
8290,25,54671,19,27.72,0
8291,29,53588,2,8.53,7
8292,38,52361,10,81.81,12
8293,24,1328518,20,36.9,2
8294,45,58895,7,36.65,20
8295,40,66288,11,63.78,2
8296,20,189385,17,58.98,1
8297,58,56256,2,90.4,25
8298,33,136532,14,56.43,7
8299,40,86320,16,96.31,0
8300,37,650189,11,94.08,12
8301,39,65588,2,70.68,5
8302,44,80199,8,37.83,1
8303,32,162240,19,96.48,6
8304,26,115998,8,45.12,1
8305,40,90795,12,19.89,5
8306,34,67620,11,32.12,11
8307,55,3322918,5,19.16,9
8308,28,149267,16,92.4,1
8309,34,1320059,2,54.29,6
8310,59,215851,14,47.5,12
8311,36,95590,17,71.18,2
8312,20,590794,16,90.88,1
8313,52,152954,12,5.83,24
8314,41,69702,10,79.29,6
8315,32,68205,6,52.43,8
8316,21,53935,2,94.59,1
8317,38,54879,20,43.3,16
8318,37,124358,14,31.11,3
8319,36,70230,5,17.12,5
8320,41,56651,10,94.81,2
8321,34,328128,19,92.46,6
8322,33,89995,13,80.05,7
8323,23,2414725,9,84.37,0
8324,48,74814,14,15.34,3
8325,38,58363,13,60.4,16
8326,56,62556,15,3.88,28
8327,26,155336,15,53.56,4
8328,37,403465,2,0.68,9
8329,33,90001,18,46.86,1
8330,42,58186,17,9.9,13
8331,30,70523,1,80.29,3
8332,18,175681,8,87.02,1
8333,39,173389,8,73.85,6
8334,18,138507,10,70.24,1
8335,29,123871,20,65.08,2
8336,28,54684,1,33.18,4
8337,32,64418,19,19.5,2
8338,26,134248,14,44.52,0
8339,52,122691,13,36.35,9
8340,27,52480,6,50.74,5
8341,34,102743,20,70.78,8
8342,35,51412,1,8.38,11
8343,36,63204,2,93.77,3
8344,20,121967,19,82.48,0
8345,49,161056,11,41.82,25
8346,39,81762,1,74.86,14
8347,26,110686,17,76.26,0
8348,32,80039,2,26.62,2
8349,37,114458,15,50.13,14
8350,48,108748,13,93.56,0
8351,38,76202,17,41.49,2
8352,30,70164,2,2.08,0
8353,40,2398867,18,74.44,16
8354,47,342351,11,98.83,9
8355,60,98705,12,32.52,22
8356,54,64222,19,0.61,14
8357,29,135357,3,96.05,0
8358,41,58118,12,9.97,18
8359,35,104145,19,86.24,6
8360,32,400615,17,67.47,10
8361,56,60129,15,3.58,9
8362,21,133445,1,45.22,1
8363,30,95920,6,86.29,0
8364,42,194917,1,58.54,0
8365,38,54788,8,97.68,15
8366,18,63256,2,15.39,1
8367,18,1117768,1,51.61,1
8368,23,85087,2,80.13,1
8369,33,59991,13,60.99,1
8370,39,117772,13,60.77,3
8371,29,62732,10,20.25,7
8372,42,114765,13,74.64,6
8373,31,4968909,9,29.36,0
8374,41,71514,19,26.65,13
8375,37,128311,20,90.66,10
8376,55,1696279,20,88.55,10
8377,39,101217,16,66.48,13
8378,48,790477,1,78.99,1
8379,45,79544,8,27.57,21
8380,30,152195,5,78.01,7
8381,64,226737,12,21.52,42
8382,27,66454,13,16.84,3
8383,40,142569,11,9.83,0
8384,49,51079,18,96.66,8
8385,49,88382,15,5.1,5
8386,47,122181,10,40.62,21
8387,31,387443,20,16.16,6
8388,30,237014,11,68.61,1
8389,39,67649,18,46.54,16
8390,48,151730,10,48.16,24
8391,18,148416,13,96.93,0
8392,41,55433,13,29.43,8
8393,33,53953,14,69.14,4
8394,28,152783,15,9.29,1
8395,45,81891,15,9.69,1
8396,36,93275,2,24.85,6
8397,49,64421,9,76.1,0
8398,31,115661,12,37.39,4
8399,30,55402,4,26.35,6
8400,52,2327495,20,71.16,16
8401,40,204136,11,73.84,11
8402,41,92711,10,7.34,5
8403,35,174142,12,89.34,9
8404,53,62596,14,5.16,17
8405,21,57820,17,63.39,0
8406,33,435024,7,58.71,10
8407,32,395880,7,94.56,5
8408,42,1508563,13,69.91,10
8409,57,99991,8,84.53,34
8410,40,60260,5,87.78,8
8411,33,51207,16,70.22,3
8412,33,252540,19,44.89,8
8413,43,60964,9,79.66,16
8414,47,66742,18,48.48,11
8415,48,65504,18,66.08,26
8416,58,67312,20,25.54,12
8417,35,158583,20,95.93,11
8418,30,230265,7,81.38,1
8419,54,66413,11,57.31,31
8420,35,50745,13,36.63,11
8421,31,55525,8,91.5,4
8422,47,50223,2,74.37,25
8423,44,179382,15,72.79,11
8424,18,797871,6,77.0,1
8425,36,68608,17,57.62,11
8426,35,615577,10,35.46,2
8427,52,50694,1,4.14,12
8428,43,71227,3,29.88,12
8429,51,54738,9,13.07,11
8430,18,110143,9,74.46,0
8431,30,78204,6,38.04,6
8432,25,121162,12,52.11,1
8433,61,490865,7,84.4,39
8434,30,83247,16,10.78,3
8435,38,62585,13,83.43,0
8436,38,118222,3,64.82,4
8437,24,79009,9,40.27,0
8438,23,68708,15,62.88,1
8439,32,188888,8,66.96,3
8440,18,115643,15,98.04,1
8441,44,241827,8,99.93,6
8442,37,64963,6,94.8,5
8443,22,64907,10,30.96,1
8444,26,75570,20,81.03,0
8445,31,185612,4,12.45,5
8446,34,153027,13,98.85,6
8447,31,85955,5,5.09,8
8448,18,86333,1,72.18,0
8449,28,225053,10,25.36,3
8450,38,3199672,9,81.48,15
8451,41,3646239,4,4.67,15
8452,49,143126,9,14.5,9
8453,38,741365,14,56.33,1
8454,43,117950,16,0.76,20
8455,41,60979,3,6.95,10
8456,21,69342,18,6.21,0
8457,30,125598,12,58.13,7
8458,34,51331,2,93.37,12
8459,33,218978,5,6.47,11
8460,24,135882,2,9.19,0
8461,31,123371,1,25.01,6
8462,35,193262,3,89.64,0
8463,25,79867,14,96.6,0
8464,34,250273,2,61.52,11
8465,44,93351,16,99.09,14
8466,37,76226,16,7.15,10
8467,33,56201,12,97.92,11
8468,42,99295,11,85.23,15
8469,25,530627,1,23.35,0
8470,31,165236,20,83.27,7
8471,20,56945,3,88.25,1
8472,49,50266,1,81.09,1
8473,32,54831,20,29.9,9
8474,31,207336,7,76.05,5
8475,33,79217,9,9.21,11
8476,23,62573,4,51.49,0
8477,32,67539,12,84.12,2
8478,44,2316321,20,46.12,0
8479,31,57958,11,31.95,5
8480,41,585263,3,72.61,2
8481,37,60187,13,41.47,2
8482,27,51248,7,15.08,3
8483,45,127038,3,27.79,7
8484,46,253357,4,97.23,8
8485,44,63230,13,85.47,7
8486,44,76329,12,38.91,21
8487,21,52832,18,30.57,1
8488,36,89928,6,4.03,10
8489,40,67498,20,95.02,11
8490,32,60735,20,93.23,6
8491,28,55720,5,39.06,4
8492,38,127699,7,88.89,15
8493,28,144704,6,12.66,6
8494,36,309000165,16,77.56,13
8495,38,1784658,2,25.01,13
8496,38,127416,1,22.25,2
8497,26,201317,13,70.35,3
8498,38,91165,15,70.19,2
8499,30,229743,16,46.13,3
8500,25,159347,10,86.89,0
8501,33,143706,15,77.37,3
8502,29,124461,3,88.69,2
8503,36,96113,10,30.19,12
8504,25,258038,6,99.35,0
8505,32,64631,14,73.82,4
8506,26,462782,2,19.49,1
8507,40,118803,7,48.89,7
8508,34,50967,18,99.26,0
8509,42,60320,6,56.44,14
8510,36,166848,17,91.11,14
8511,37,76584,4,60.89,13
8512,43,135568,9,37.18,18
8513,35,85117,11,58.44,9
8514,40,809424,1,15.2,18
8515,55,9652941,16,74.48,32
8516,42,246258,2,22.13,7
8517,41,54155,11,9.82,3
8518,46,146811,15,35.99,5
8519,26,131878,16,99.51,1
8520,28,54628,6,88.45,0
8521,30,181115,8,14.0,3
8522,45,59179,3,81.5,4
8523,40,66273,4,17.74,11
8524,39,82376,16,6.76,16
8525,31,127824,16,24.85,9
8526,30,55529,15,79.1,2
8527,28,271508,16,89.93,2
8528,18,2093802,11,28.68,0
8529,25,95887,9,25.22,3
8530,30,166964,14,29.79,2
8531,32,105624,19,20.7,0
8532,39,150469,3,74.59,4
8533,25,195138,11,66.13,0
8534,33,63962,4,20.13,5
8535,26,60255,6,58.24,2
8536,44,2866270,7,53.73,3
8537,33,66807,3,38.49,7
8538,57,715008,17,73.76,34
8539,51,83849,17,37.0,27
8540,41,54997,15,35.09,7
8541,40,271005,14,14.53,13
8542,40,50200,19,51.04,3
8543,27,1441121,20,20.63,4
8544,32,81361,11,40.32,8
8545,32,52689,3,53.87,4
8546,50,55549,3,55.22,17
8547,48,67235,11,8.61,1
8548,45,93225,20,9.73,1
8549,35,172890,14,16.55,2
8550,42,53396,3,99.39,19
8551,37,103117,2,89.53,9
8552,41,64783,8,66.14,8
8553,47,537756,8,76.19,20
8554,32,107935,20,72.2,1
8555,38,123038,1,18.38,12
8556,39,60447,9,65.27,3
8557,21,134328,6,21.03,1
8558,42,124177,5,5.34,17
8559,24,279033,9,70.73,1
8560,57,191128,17,59.26,34
8561,18,92311,12,6.77,0
8562,25,53821,5,32.65,1
8563,38,51153,19,93.79,10
8564,22,6702169,8,81.35,1
8565,32,320663,9,56.79,0
8566,34,92262,2,79.11,4
8567,51,93110,8,97.53,8
8568,44,146943,6,93.9,3
8569,37,104084,9,51.9,4
8570,33,311106,20,85.64,1
8571,31,53168,19,4.14,2
8572,27,73986,7,43.7,5
8573,49,2284621,16,58.18,20
8574,40,116680,11,78.49,3
8575,35,87218,8,6.61,6
8576,44,63864,16,53.81,12
8577,41,79309,15,17.13,0
8578,29,136997,7,16.56,2
8579,18,128455,12,68.85,0
8580,38,309022,12,0.76,3
8581,18,78434,9,58.89,1
8582,29,110677,3,64.58,4
8583,45,51955,14,94.76,16
8584,27,62636,6,41.33,3
8585,31,108015,11,78.07,5
8586,54,128601,13,81.18,6
8587,24,160683,16,84.36,0
8588,34,170884,12,61.5,1
8589,44,57439,6,4.97,6
8590,38,102955,6,37.7,16
8591,29,84459,20,77.12,4
8592,33,1413457,8,49.36,0
8593,28,99932,7,32.79,5
8594,28,125435,11,54.15,3
8595,52,273871,17,73.35,25
8596,18,88298,18,22.35,0
8597,30,87201,5,91.76,7
8598,48,250426,20,22.29,19
8599,31,91305,12,72.05,7
8600,33,80491,3,89.06,7
8601,41,54666,19,79.57,19
8602,33,52034,10,48.65,6
8603,66,110848,11,7.05,16
8604,58,204864,19,71.51,31
8605,30,131891,20,51.45,6
8606,29,118375,5,73.93,4
8607,28,230506,9,43.94,5
8608,43,247574,3,47.41,7
8609,39,61501,7,15.53,1
8610,26,97617,20,33.83,4
8611,61,85849,2,28.84,35
8612,31,60853,19,9.44,6
8613,42,82219,14,46.71,17
8614,40,172320,12,63.1,3
8615,24,51725,6,76.88,2
8616,49,59771,8,81.67,9
8617,41,216498,8,51.36,13
8618,39,433691,9,73.3,11
8619,38,118697,2,63.16,8
8620,53,68467,9,41.09,11
8621,19,1013622,2,7.63,0
8622,18,233449,15,99.55,1
8623,31,186214,5,33.98,8
8624,31,212333,16,15.7,5
8625,29,53969,20,80.38,6
8626,28,84470,13,44.47,4
8627,27,55784,2,96.47,5
8628,39,68660,3,58.32,3
8629,42,108590,1,60.76,6
8630,48,91935,16,39.43,14
8631,45,68721,1,54.62,21
8632,43,194266,8,44.33,8
8633,37,73323,13,46.98,0
8634,35,300578,2,25.76,11
8635,21,174365,12,62.64,1
8636,38,85164,1,23.69,9
8637,35,302238,3,63.08,8
8638,18,61438,11,85.71,1
8639,46,53983,12,33.29,18
8640,18,261445,3,27.24,1
8641,46,57615,9,24.54,22
8642,25,99311,4,41.7,1
8643,21,183943,17,62.27,0
8644,51,64906,16,59.15,9
8645,29,121534,6,91.21,7
8646,29,99858,12,5.29,0
8647,25,892646,15,68.73,1
8648,49,83001,2,63.86,3
8649,27,103163,13,83.37,1
8650,44,97100,18,79.86,17
8651,24,236389,19,86.79,2
8652,46,380000,13,38.72,1
8653,47,81644,19,48.55,20
8654,24,52831,1,56.66,2
8655,29,508991,3,23.03,3
8656,18,53148,19,27.54,0
8657,44,50736,12,70.99,0
8658,33,79391,10,15.66,2
8659,29,162147,13,55.52,1
8660,31,257084,3,84.5,0
8661,36,60243,2,20.05,6
8662,38,126236,17,25.62,9
8663,47,68487,19,73.26,15
8664,51,997830,3,63.11,13
8665,42,86739,15,61.57,7
8666,45,67141,15,57.03,20
8667,37,59942,16,12.69,1
8668,45,122912,9,44.17,14
8669,45,66647,2,31.77,19
8670,30,122574,19,25.65,8
8671,42,55980,18,75.89,10
8672,40,69614,18,75.04,9
8673,56,161417,12,14.81,17
8674,52,79517,10,65.94,3
8675,30,58492,11,13.13,7
8676,27,109306,1,85.77,1
8677,44,107680,16,15.39,6
8678,33,1303006,9,69.54,5
8679,37,59766,14,93.04,3
8680,35,67086,19,76.13,5
8681,47,89366,16,92.86,11
8682,36,110443,9,4.5,6
8683,39,68552,15,22.64,12
8684,35,98342,17,42.93,7
8685,23,123032,15,86.4,0
8686,32,52965,3,50.12,4
8687,18,123848,14,73.57,0
8688,34,87592,5,44.23,4
8689,46,77151,11,44.31,10
8690,55,151587,15,45.67,31
8691,31,66017,16,20.78,2
8692,51,52245,17,18.2,29
8693,33,170653,11,51.17,8
8694,32,50998,12,50.65,2
8695,34,631424,13,57.39,1
8696,40,334569,18,20.3,0
8697,40,127728,14,89.65,6
8698,45,127223,6,90.05,12
8699,40,118187,1,20.8,5
8700,22,51627,11,15.33,1
8701,38,56277,19,23.22,3
8702,47,61902,4,7.71,21
8703,50,173081,7,73.92,8
8704,45,289063,9,14.17,4
8705,21,100265,4,38.17,0
8706,39,149528,13,76.89,12
8707,36,62194,3,93.14,8
8708,31,54463,15,33.31,5
8709,29,98092,7,96.66,1
8710,30,195183,15,50.9,3
8711,47,301719,20,44.83,11
8712,52,78374,12,6.63,9
8713,28,58337,19,95.02,3
8714,37,789066,4,1.35,5
8715,35,362770,12,45.98,2
8716,18,57339,4,83.35,0
8717,44,98909,18,58.86,21
8718,38,374204,17,98.56,15
8719,32,101996,5,30.94,1
8720,47,77552,19,34.43,8
8721,47,115910,12,53.82,24
8722,49,80554,3,6.66,24
8723,31,53106,13,53.4,7
8724,43,105070,18,94.38,8
8725,48,151399,11,90.87,14
8726,40,247996,3,55.16,7
8727,44,342720,1,0.33,1
8728,42,413854,9,89.15,17
8729,26,56684,6,95.98,1
8730,42,63256,6,22.3,7
8731,30,57191,10,24.46,5
8732,42,220618,13,63.72,20
8733,48,60476,7,56.01,5
8734,38,156879,13,39.2,1
8735,33,293737,12,69.58,4
8736,23,137591,19,98.29,0
8737,32,136314,5,77.22,1
8738,46,482913,10,69.97,10
8739,34,84510,10,54.44,4
8740,18,77731,12,40.08,0
8741,52,154966,15,66.41,7
8742,26,2005110,3,28.43,4
8743,22,391244,18,35.67,1
8744,48,75785,15,61.05,17
8745,27,273065,17,99.69,1
8746,18,1244049,2,20.52,1
8747,52,54549,7,73.99,19
8748,38,96957,2,16.39,9
8749,26,263961,1,41.4,2
8750,39,140631,16,22.2,3
8751,37,66148,8,86.92,5
8752,25,464450,7,1.39,2
8753,27,58834,6,71.42,1
8754,35,129597,4,13.35,3
8755,33,105414,17,77.27,7
8756,35,68444,18,99.85,1
8757,35,73492,16,20.05,2
8758,35,562025,6,95.71,7
8759,58,52531,4,40.67,21
8760,50,65865,9,41.4,12
8761,22,80667,12,13.71,0
8762,38,72778,10,46.29,15
8763,28,1096438,4,16.65,2
8764,47,101612,10,16.75,11
8765,30,59407,5,32.64,5
8766,28,53787,16,36.96,1
8767,24,189415,2,72.47,1
8768,26,175985,9,9.07,4
8769,43,59945,11,35.04,12
8770,18,68378,12,60.79,1
8771,51,62376,14,69.39,10
8772,34,54187,4,47.54,7
8773,36,838625,5,2.63,4
8774,21,191950,8,70.64,1
8775,37,65597,5,11.98,4
8776,32,63083,17,28.21,3
8777,19,91745,12,65.2,1
8778,25,217263,12,79.21,3
8779,28,1529709,2,56.64,0
8780,39,130277,14,14.68,9
8781,34,72474,15,13.74,2
8782,38,487321,18,92.73,2
8783,32,70306,4,91.5,1
8784,30,54044,9,35.76,6
8785,53,110000,16,98.55,30
8786,18,84040,10,20.25,1
8787,34,113694,11,69.24,9
8788,27,75583,7,70.3,1
8789,46,189808,17,34.36,22
8790,28,78270,12,58.68,3
8791,56,88452,3,80.24,28
8792,51,76603,12,19.58,8
8793,53,138418,3,3.79,15
8794,27,52235,3,37.92,4
8795,30,62495,2,7.01,6
8796,37,1421648,13,92.63,0
8797,28,58366,16,1.86,5
8798,41,107390,9,78.12,16
8799,31,69486,4,84.46,1
8800,19,77291,1,60.77,1
8801,34,2229576,8,30.32,4
8802,43,56968,4,80.57,19
8803,39,53677,1,79.84,6
8804,37,95452,1,92.84,15
8805,32,98893,16,6.59,5
8806,36,84047,1,67.37,3
8807,28,142491,2,82.78,0
8808,29,57007,18,9.73,0
8809,22,889767,9,29.12,0
8810,52,56493,9,50.5,27
8811,25,177377,9,98.42,2
8812,52,3078776,18,34.78,29
8813,36,57229,16,13.9,5
8814,38,52764,4,67.33,5
8815,32,54844,4,11.51,4
8816,47,77157,14,50.27,21
8817,44,75611,9,23.67,0
8818,25,2375110,15,45.8,0
8819,39,365000,1,6.7,1
8820,37,113132,3,69.44,11
8821,41,51717,16,71.51,5
8822,38,61658,12,7.64,13
8823,39,170935,1,76.47,14
8824,42,1035118,18,55.15,0
8825,39,166248,3,26.92,12
8826,30,127608,7,52.51,7
8827,32,67643,3,76.52,1
8828,42,159555,13,7.8,13
8829,18,54744,5,38.03,0
8830,18,90789,11,14.9,0
8831,36,50343,18,30.34,7
8832,35,55027,8,97.02,2
8833,53,73805,18,9.46,8
8834,45,648606,20,59.81,1
8835,36,58219,9,89.73,9
8836,47,56419,11,98.17,2
8837,26,366654,20,56.4,3
8838,47,135448,20,15.25,17
8839,32,66906,8,6.21,9
8840,44,87494,9,7.23,13
8841,45,128445,11,52.64,20
8842,24,111911,17,56.01,1
8843,31,223380,13,13.49,4
8844,18,235790,12,85.06,1
8845,18,136361,12,69.33,1
8846,44,70885,12,56.44,3
8847,26,4097637,15,9.86,2
8848,25,98434,1,30.68,3
8849,46,82967,2,73.32,10
8850,39,247693,14,22.22,14
8851,36,241528,12,84.91,8
8852,18,84101,16,89.22,0
8853,37,55550,7,1.72,1
8854,37,147133,9,82.82,9
8855,34,98362,7,91.77,6
8856,28,73792,19,52.7,4
8857,18,145209,16,70.54,1
8858,38,180796,9,37.28,0
8859,35,50012,12,40.74,3
8860,37,290044,10,85.15,1
8861,46,114103,20,0.29,5
8862,32,90179,6,64.89,0
8863,33,51165,2,14.21,8
8864,30,58534,16,84.62,3
8865,27,279169,19,89.57,4
8866,18,362287,10,37.8,0
8867,48,226007,8,65.55,14
8868,46,66199,14,81.08,2
8869,29,88514,19,15.0,4
8870,26,63384,4,62.51,1
8871,56,118547,3,4.78,24
8872,30,460573,11,76.88,0
8873,25,51600,9,56.35,0
8874,47,215588,3,63.5,0
8875,26,444588,17,82.81,1
8876,26,61144,20,60.87,1
8877,31,1349099,6,84.8,4
8878,40,105749,17,57.79,15
8879,31,67270,11,15.59,8
8880,46,62548,12,59.81,0
8881,50,114605,7,51.43,16
8882,37,623651,10,98.46,14
8883,53,103284,10,43.96,21
8884,46,91700,3,98.36,20
8885,18,174792,14,86.15,1
8886,39,143221,11,45.43,3
8887,32,589268,15,16.89,5
8888,52,69118,8,88.57,19
8889,60,166739,6,97.77,23
8890,31,129759,19,64.33,9
8891,28,113041,11,95.87,6
8892,50,2052682,8,74.81,6
8893,45,59065,12,25.55,19
8894,41,8418794,2,26.39,14
8895,21,583126,2,11.52,1
8896,53,60490,10,42.04,23
8897,23,2270011,9,5.74,0
8898,59,120715,4,24.59,3
8899,43,96527,1,97.08,5
8900,35,402700,19,29.43,3
8901,25,328951,13,2.4,1
8902,18,100728,11,17.56,0
8903,34,78472,20,52.84,3
8904,28,553396,2,70.28,1
8905,32,86242,2,98.31,1
8906,36,50411,16,32.8,1
8907,35,54880,20,96.56,4
8908,37,51117,18,17.9,14
8909,35,317612,20,28.32,4
8910,44,66414,7,25.9,3
8911,38,74726,1,51.32,0
8912,25,91884,5,51.43,3
8913,22,75513,12,56.44,0
8914,39,153266,7,34.2,17
8915,27,54382,17,77.26,4
8916,35,54511,9,75.24,11
8917,54,96071,15,36.59,2
8918,18,118419,16,81.89,0
8919,29,90518,6,48.55,1
8920,36,127189,15,36.4,12
8921,18,68730,12,0.61,0
8922,41,55786,20,2.47,11
8923,47,50351,6,36.73,17
8924,27,1240298,9,57.33,3
8925,39,786190,19,45.38,7
8926,34,51461,5,14.66,8
8927,53,50628,14,52.4,17
8928,50,88888,3,78.38,7
8929,46,114920,6,45.15,16
8930,51,65268,4,66.62,3
8931,46,58172,11,44.0,11
8932,23,186149,2,70.1,1
8933,37,206189,13,58.51,3
8934,54,52733,7,12.86,12
8935,18,249727,10,96.78,1
8936,19,249228,10,98.32,1
8937,27,66065,7,9.9,3
8938,37,52312,19,50.95,11
8939,38,103151,10,63.11,2
8940,29,93966,12,45.65,2
8941,28,121071,3,99.61,4
8942,21,62914,17,82.87,0
8943,27,76302,20,59.44,5
8944,18,1302500,2,3.6,1
8945,26,70089,16,58.95,3
8946,28,64759,14,45.07,4
8947,21,73077,2,7.0,1
8948,38,58663,15,31.67,11
8949,52,167949,8,71.97,17
8950,35,94537,14,37.43,8
8951,19,98623,20,22.7,0
8952,23,76428,18,26.43,1
8953,36,54248,10,73.5,1
8954,26,193754,17,65.39,1
8955,18,146184,6,80.31,0
8956,56,52063,16,64.86,33
8957,39,313291,11,35.85,10
8958,24,9931600,2,8.77,1
8959,50,75537,14,78.31,1
8960,57,66505,17,90.58,15
8961,27,58945,16,93.37,5
8962,39,61153,20,31.1,14
8963,48,60381,5,30.21,3
8964,23,173495,19,86.4,0
8965,33,66729,13,74.38,2
8966,55,232695,5,10.0,14
8967,41,114490,19,67.49,10
8968,25,109108,10,74.76,3
8969,40,90967,2,34.04,15
8970,32,64576,4,18.23,4
8971,36,70854,8,96.01,12
8972,21,1138466,15,28.12,1
8973,29,331239,4,82.33,2
8974,36,120088,4,14.17,9
8975,48,189686,18,81.46,19
8976,51,50560,1,7.77,16
8977,40,80066,4,22.36,4
8978,21,77429,20,69.43,0
8979,33,69836,11,88.33,7
8980,30,149725,12,81.37,2
8981,18,55833,10,41.47,0
8982,40,161645,19,49.29,1
8983,27,64659,15,7.28,2
8984,34,84236,13,11.18,2
8985,37,1294248,11,85.73,3
8986,58,54076,11,40.96,31
8987,28,177693,1,36.86,5
8988,18,68346,13,60.07,1
8989,47,76172,19,41.68,2
8990,18,165018,14,3.09,1
8991,32,55450,5,52.4,6
8992,56,89165,12,83.81,29
8993,39,52873,20,73.28,4
8994,39,73032,3,62.34,4
8995,57,71841,1,84.39,34
8996,23,72124,1,73.54,0
8997,36,221542,14,63.17,3
8998,24,283326,15,57.19,0
8999,25,57253,8,1.61,0
9000,33,56892,5,3.77,1
9001,47,253824,14,24.68,4
9002,46,54808,2,4.71,7
9003,18,134777,9,97.22,0
9004,23,62036,13,35.37,0
9005,41,228626,19,18.72,8
9006,27,86345,10,19.98,0
9007,54,337455,16,95.04,25
9008,35,255443,11,82.54,7
9009,44,53734,8,60.87,16
9010,47,141324,8,76.54,13
9011,31,102818,12,69.22,0
9012,30,537078,10,78.65,3
9013,31,118903,8,48.99,0
9014,41,115778,7,32.17,5
9015,18,315477,17,31.59,1
9016,24,118894,3,23.44,0
9017,29,77796,14,89.79,2
9018,43,130397,17,81.24,10
9019,51,50532,2,21.89,24
9020,39,83038,1,21.63,16
9021,33,387731,14,59.9,2
9022,37,524573,19,54.78,9
9023,23,55377,10,30.06,1
9024,29,54259,1,44.29,4
9025,37,92338,10,20.41,4
9026,31,158499,8,7.56,3
9027,44,77748,5,8.56,9
9028,42,85099,17,45.21,12
9029,26,72432,14,92.44,2
9030,46,65426,1,88.43,16
9031,47,618248,1,3.06,22
9032,44,151094,15,55.81,6
9033,37,83700,3,69.07,7
9034,28,64945,12,75.94,6
9035,59,220176,8,94.46,5
9036,34,311718,19,13.42,0
9037,43,84506,16,12.66,12
9038,41,52432,5,26.79,16
9039,43,109308,2,97.07,5
9040,49,68966,4,83.68,6
9041,61,52150,19,82.88,39
9042,44,223451,2,67.5,17
9043,32,954334,12,87.96,9
9044,42,106056,8,10.24,15
9045,18,83305,1,97.68,1
9046,43,203832,1,15.18,15
9047,33,58387,2,82.41,4
9048,44,93839,12,11.46,22
9049,44,90035,20,8.91,8
9050,39,77466,15,76.96,8
9051,33,127151,8,92.87,11
9052,44,1047977,19,93.12,17
9053,38,72961,20,72.95,0
9054,42,60002,5,30.52,1
9055,29,108166,18,73.32,0
9056,51,176370,4,27.26,20
9057,41,194064,17,27.07,15
9058,45,264679,13,52.96,10
9059,29,153426,7,78.74,0
9060,55,198456,8,45.78,0
9061,34,529977,14,72.91,6
9062,26,109985,9,64.25,2
9063,43,134334,2,41.52,3
9064,35,69703,6,21.57,12
9065,30,75760,11,11.84,3
9066,23,99635,8,53.0,1
9067,40,603090,19,19.31,0
9068,47,166369,20,26.24,5
9069,38,62901,14,2.87,7
9070,32,120969,20,88.33,3
9071,34,53042,13,91.0,3
9072,54,99494,6,51.64,32
9073,38,1517398,2,4.57,5
9074,47,248215,5,87.32,2
9075,42,158869,11,86.99,18
9076,46,323614,11,86.53,9
9077,34,334226,19,5.38,0
9078,23,57670,15,0.92,0
9079,43,803575,20,9.49,16
9080,39,50127,7,82.05,1
9081,29,99961,9,14.91,0
9082,50,63369,5,4.43,8
9083,28,116022,15,93.25,1
9084,60,298577,9,11.94,19
9085,33,82422,10,27.8,0
9086,33,114211,18,96.43,4
9087,46,53746,4,73.95,20
9088,38,363568,10,69.5,5
9089,36,70546,7,98.98,10
9090,42,80441,10,89.82,15
9091,31,56640,2,76.55,4
9092,38,55276,8,93.57,11
9093,33,71387,5,16.44,8
9094,27,70692,6,41.46,0
9095,44,154324,14,53.64,4
9096,39,65469,6,30.31,16
9097,54,54384,4,32.31,18
9098,34,51436,4,86.17,7
9099,31,104618,18,80.9,5
9100,23,87304,2,22.56,1
9101,60,59032,17,28.29,5
9102,56,288575,11,30.36,28
9103,44,115826,5,0.02,4
9104,28,87033,16,66.62,6
9105,38,1191177,9,40.08,7
9106,28,111308,11,82.99,5
9107,19,251021,16,28.75,0
9108,32,344811,18,3.78,7
9109,29,65371,16,1.5,7
9110,56,60494,8,72.35,26
9111,34,92061,9,49.19,9
9112,39,184639,14,37.3,17
9113,25,80181,10,45.03,0
9114,37,593460,3,73.13,6
9115,41,59633,20,70.33,17
9116,27,57038,16,89.28,2
9117,27,100966,15,20.34,2
9118,25,88975,12,97.21,2
9119,32,59479,19,16.85,8
9120,26,73450,7,11.82,4
9121,32,143005,5,35.8,7
9122,40,184228,14,26.24,3
9123,43,61928,10,7.71,16
9124,36,68960,2,28.0,12
9125,36,13404978,16,20.77,6
9126,56,196613,19,99.04,7
9127,22,78891,15,49.56,0
9128,19,56847,1,1.33,0
9129,37,918183,17,82.4,5
9130,52,57318,15,23.92,10
9131,39,419410,14,6.17,15
9132,35,281284,19,35.72,0
9133,20,1145652,7,65.41,0
9134,34,521696,11,29.96,10
9135,27,69882,5,19.39,4
9136,44,70701,14,98.99,1
9137,53,63217,13,34.78,3
9138,38,102707,3,30.79,4
9139,43,64577,19,94.36,0
9140,34,58445,11,5.58,5
9141,45,90040,6,35.8,3
9142,29,90899,17,1.57,6
9143,42,51517,3,13.92,3
9144,31,156772,14,18.61,4
9145,51,572742,6,49.23,11
9146,21,88617,6,80.11,1
9147,40,194502,13,10.69,10
9148,30,11920118,17,21.12,6
9149,24,69479,4,16.26,2
9150,33,83230,10,60.2,10
9151,50,127452,15,40.24,5
9152,40,1804598,20,99.04,9
9153,28,64035,5,70.67,1
9154,20,54449,17,90.98,0
9155,28,158599,12,8.01,1
9156,36,107604,10,89.63,8
9157,21,79877,15,25.96,0
9158,31,78265,14,10.65,1
9159,35,124840,1,17.03,2
9160,37,77259,18,97.27,4
9161,28,302173,4,57.59,1
9162,32,53283,4,18.2,10
9163,22,66778,10,43.53,1
9164,32,58342,2,42.48,4
9165,35,398630,9,10.07,10
9166,22,193584,3,25.92,0
9167,34,272447,2,71.79,4
9168,31,96876,15,36.89,6
9169,53,91688,6,88.61,5
9170,18,81398,11,39.72,0
9171,29,50445,3,10.77,5
9172,38,221505,7,88.89,1
9173,34,57420,14,23.21,11
9174,42,56535,13,28.38,3
9175,26,84395,5,60.45,1
9176,42,99697,16,77.57,15
9177,40,55545,19,68.85,14
9178,18,79100,15,29.91,0
9179,43,76055,1,44.71,17
9180,25,63062,10,38.46,0
9181,36,163527,8,82.33,11
9182,38,56057,9,91.09,1
9183,30,61414,5,9.21,5
9184,29,240846,14,28.93,3
9185,42,51170,13,65.65,12
9186,43,51741,7,46.04,11
9187,31,70533,20,17.44,6
9188,30,451304,15,4.77,5
9189,26,59671,16,33.34,1
9190,32,110114,16,3.62,7
9191,39,50693,3,98.94,11
9192,32,87787,12,5.68,5
9193,37,1432806,13,39.0,0
9194,20,102982,13,28.77,1
9195,40,56891,8,90.45,1
9196,23,65565,11,33.32,1
9197,18,55177,10,56.01,1
9198,55,54557,12,6.44,19
9199,40,204510,11,38.71,9
9200,25,190144,2,24.15,3
9201,26,153662,8,53.9,3
9202,55,85618,13,32.87,23
9203,32,329639,7,96.66,2
9204,56,80644,5,94.34,29
9205,24,79370,10,59.96,2
9206,47,102169,4,51.15,10
9207,44,58656,16,12.21,0
9208,37,96252,4,48.01,10
9209,26,89135,19,26.58,2
9210,18,247085,20,78.49,0
9211,27,78316,8,15.68,5
9212,33,330540,6,89.58,2
9213,30,69253,13,22.15,2
9214,46,66224,11,44.28,3
9215,35,147579,15,53.57,8
9216,18,74228,16,58.51,0
9217,50,70275,14,33.04,14
9218,34,58045,6,85.92,6
9219,44,268802,4,93.22,11
9220,35,85545,1,90.78,13
9221,35,108488,19,16.91,0
9222,35,67380,17,47.15,12
9223,36,815580,5,83.6,9
9224,27,1017497,9,20.15,2
9225,19,78989,7,11.69,1
9226,41,79242,13,37.66,2
9227,42,105057,14,33.21,5
9228,19,150691,14,35.79,1
9229,32,203649,3,73.55,1
9230,39,132130,17,94.21,10
9231,27,110101,9,35.8,2
9232,47,75739,14,15.6,9
9233,38,327411,7,68.85,9
9234,18,81525,15,86.29,1
9235,33,57033,17,59.91,2
9236,33,54496,5,30.78,4
9237,45,61550,18,89.48,18
9238,35,87745,12,17.77,3
9239,29,51917,2,53.98,1
9240,18,67785,13,39.26,0
9241,45,82345,13,1.42,14
9242,35,54114,10,98.62,7
9243,40,178849,9,62.77,8
9244,30,59443,18,23.39,1
9245,20,80570,10,59.93,1
9246,40,117005,14,78.94,14
9247,25,92240,9,27.53,0
9248,47,56483,14,77.79,19
9249,25,100728,12,46.22,0
9250,42,177319,8,21.26,1
9251,35,149539,5,78.82,0
9252,32,207155,17,44.41,3
9253,45,130026,9,87.32,16
9254,41,113297,16,17.02,7
9255,27,69969,14,57.58,4
9256,28,59315,6,35.16,1
9257,40,70790,1,12.5,9
9258,21,54760,14,63.76,1
9259,45,85384,9,58.31,20
9260,37,162594,10,86.53,7
9261,32,73234,13,33.29,5
9262,33,80310,18,71.28,8
9263,44,84151,4,80.37,10
9264,61,54034,7,88.21,2
9265,27,728881,7,33.26,3
9266,39,64613,7,25.5,4
9267,31,194723,13,51.32,6
9268,43,81720,14,36.38,1
9269,46,16532058,18,13.78,3
9270,31,187012,6,79.67,5
9271,42,427096,17,89.37,12
9272,41,89139,18,18.79,4
9273,30,60448,18,2.1,7
9274,41,58684,13,48.76,6
9275,34,70686,1,3.45,4
9276,28,73109,16,60.01,5
9277,25,55345,20,58.24,2
9278,45,54147,17,63.59,7
9279,46,360402,2,36.3,4
9280,42,52443,13,44.77,16
9281,38,57615,6,16.01,11
9282,40,401702,15,46.63,14
9283,32,291966,8,92.14,7
9284,42,94798,2,60.37,11
9285,57,94030,2,53.89,5
9286,29,101073,17,41.83,6
9287,29,61987,20,95.76,7
9288,31,143833,15,41.43,0
9289,31,132748,20,48.41,0
9290,35,70927,19,33.23,9
9291,35,4076298,20,21.42,7
9292,36,195336,5,11.21,0
9293,50,119380,19,99.77,22
9294,47,150787,18,96.4,0
9295,31,222414,17,68.92,0
9296,18,197163,15,5.22,1
9297,27,223444,17,48.38,0
9298,28,83467,13,20.52,5
9299,18,62479,11,66.58,0
9300,31,93199,6,43.64,3
9301,22,55066,17,2.65,1
9302,34,160152,8,23.87,3
9303,37,59177,12,24.08,9
9304,40,57488,15,79.64,14
9305,31,73678,17,24.91,9
9306,46,296837,18,60.26,24
9307,33,58353,15,63.41,6
9308,29,58151,5,20.59,0
9309,51,93268,3,86.05,9
9310,20,109701,10,94.72,1
9311,62,165676,9,3.3,4
9312,32,54952,8,11.53,2
9313,38,56189,20,62.44,16
9314,52,88261,4,37.33,17
9315,41,310106,4,88.36,4
9316,44,51171,2,86.18,8
9317,42,58538,8,36.26,7
9318,37,57954,11,84.88,13
9319,48,89848,17,4.76,11
9320,18,212997,11,17.37,0
9321,21,62927,13,31.4,1
9322,46,157584,17,11.51,7
9323,40,62499,1,87.65,8
9324,49,157243,1,3.14,27
9325,28,52113,14,97.21,4
9326,32,72405,9,85.97,5
9327,18,139128,17,89.37,1
9328,38,243817,13,17.15,4
9329,25,63653,4,23.16,0
9330,26,701405,5,43.85,2
9331,37,1812354,6,70.41,8
9332,32,558746,10,84.18,3
9333,50,1532883,8,76.47,0
9334,47,775245,8,72.18,2
9335,38,51396,11,9.13,15
9336,24,67269,2,51.62,1
9337,40,536806,18,24.79,4
9338,54,113720,16,50.94,9
9339,38,64714,14,87.9,5
9340,50,123230,13,36.02,27
9341,40,56215,4,9.53,4
9342,24,95850,17,41.55,1
9343,31,171056,18,15.41,7
9344,26,168737,9,99.34,2
9345,42,121834,13,33.03,15
9346,31,55433,13,52.36,6
9347,27,97963,8,13.72,4
9348,48,139731,11,38.34,24
9349,29,110731,10,80.0,1
9350,31,73149,12,79.56,5
9351,22,880748,20,90.63,0
9352,43,55843,18,29.1,8
9353,41,56611,1,18.46,0
9354,46,320330,14,84.68,10
9355,42,54093,17,74.5,18
9356,40,147325,1,86.57,10
9357,24,66054,1,66.4,1
9358,33,54563,3,61.56,0
9359,22,78975,1,1.61,0
9360,28,552557,10,17.15,3
9361,44,65573,15,45.94,8
9362,38,100208,11,80.57,15
9363,45,112397,15,83.01,3
9364,40,296006,14,92.9,18
9365,18,1474537,20,85.11,1
9366,50,69079,5,51.31,16
9367,24,143712,3,35.53,0
9368,34,55430,11,10.87,4
9369,38,246654,4,58.07,13
9370,34,99572,15,36.82,0
9371,26,51011,14,34.29,0
9372,40,67466,13,82.27,10
9373,24,95509,9,97.54,2
9374,31,139412,7,63.15,9
9375,39,53960,10,11.44,11
9376,42,112629,15,21.58,7
9377,41,56097,4,98.51,8
9378,40,52211,10,10.0,12
9379,27,190215,16,60.98,3
9380,54,213339,4,50.81,19
9381,62,128199,9,57.41,14
9382,32,156190,8,88.8,6
9383,55,62686,14,5.53,12
9384,33,285538,16,3.8,10
9385,33,291020,3,56.96,4
9386,37,116771,19,5.08,13
9387,19,132990,1,44.23,1
9388,18,185925,17,76.66,0
9389,32,5939819,1,39.93,6
9390,37,170808,13,98.22,10
9391,34,79573,16,53.93,6
9392,28,63392,2,63.89,6
9393,40,62571,17,17.06,3
9394,35,60760,12,9.08,13
9395,32,2764389,17,73.5,9
9396,21,151672,5,23.58,0
9397,28,81852,11,31.08,5
9398,35,73421,1,72.31,5
9399,20,91018,16,86.81,0
9400,31,64645,11,78.29,9
9401,31,158598,3,30.37,6
9402,20,140995,9,91.58,1
9403,48,215631,8,31.15,14
9404,27,74105,6,17.3,3
9405,34,1054187,19,6.62,11
9406,27,52487,8,2.45,1
9407,37,57669,18,85.48,9
9408,49,85441,11,45.61,22
9409,43,424943,12,5.84,18
9410,39,112478,3,48.28,10
9411,18,52702,6,34.13,0
9412,53,106423,6,17.33,19
9413,56,62603,9,16.69,8
9414,42,121883,8,46.18,3
9415,31,324663,6,65.12,4
9416,53,346525,5,20.7,29
9417,43,189867,14,73.73,13
9418,28,64882,19,57.11,4
9419,22,188130,12,54.99,1
9420,48,288787,10,56.52,6
9421,23,81633,11,64.46,1
9422,44,66224,11,94.1,7
9423,42,137450,9,29.01,0
9424,38,289171,8,72.38,6
9425,25,80867,2,44.07,3
9426,44,106127,17,97.83,22
9427,28,167681,3,88.05,0
9428,40,151569,9,80.17,7
9429,32,119732,7,97.24,3
9430,28,55997,13,82.71,1
9431,32,74631,16,40.14,4
9432,38,194995,3,34.97,2
9433,48,126198,16,70.7,13
9434,45,50338,1,34.54,23
9435,45,128937,19,38.4,14
9436,18,203597,16,73.95,0
9437,56,99938,19,55.66,3
9438,44,95001,15,89.36,15
9439,55,85502,11,7.31,13
9440,36,199523,20,85.18,6
9441,38,145775,20,83.59,3
9442,41,409363,19,34.99,6
9443,54,109372,15,54.18,31
9444,38,112487,2,15.2,13
9445,50,57518,18,26.15,17
9446,34,53525,3,95.28,2
9447,18,57472,17,96.25,1
9448,37,64483,1,38.44,0
9449,23,500915,20,84.47,0
9450,34,67205,6,52.61,9
9451,28,59570,6,59.93,5
9452,30,56935,7,63.0,0
9453,54,332118,3,87.7,31
9454,43,130277,15,31.74,3
9455,28,50762,3,11.35,4
9456,33,57746,15,6.83,9
9457,18,953300,15,64.81,1
9458,46,74140,9,97.79,23
9459,27,53355,10,36.8,3
9460,18,52740,8,91.62,0
9461,33,585682,12,81.3,4
9462,18,102045,10,69.66,1
9463,32,139814,14,49.21,1
9464,59,931803,12,65.17,36
9465,41,126594,12,20.69,19
9466,40,84747,20,57.07,6
9467,43,57299,18,69.74,10
9468,34,50526,14,71.15,4
9469,30,131455,17,42.67,4
9470,33,122071,5,55.55,6
9471,35,61115,15,1.07,9
9472,40,613034,3,79.63,2
9473,26,52603,2,23.04,0
9474,39,718208,8,19.7,5
9475,55,105594,5,7.44,23
9476,32,2232538,13,24.2,8
9477,54,106296,5,11.48,23
9478,50,78596,3,99.29,25
9479,47,66086,20,22.96,12
9480,38,115152,11,13.84,10
9481,41,76456,19,41.64,9
9482,27,604072,17,96.22,1
9483,56,140681,1,63.69,11
9484,46,88453,1,70.43,11
9485,33,370937,14,35.63,7
9486,20,63397,13,48.94,1
9487,28,341691,3,43.29,0
9488,18,140778,8,61.81,0
9489,45,86744,6,21.51,23
9490,24,70244,6,45.99,1
9491,35,203785,18,30.66,2
9492,32,63553,17,77.02,1
9493,42,314668,7,63.48,2
9494,51,160998,17,69.4,23
9495,48,56267,13,95.37,11
9496,32,122444,1,28.16,6
9497,50,201782,2,40.95,25
9498,39,72207,3,67.26,12
9499,22,50683,2,67.4,0
9500,41,68344,6,48.01,17
9501,42,52774,4,2.62,0
9502,35,78882,3,16.46,8
9503,42,12149816,6,21.51,2
9504,30,243855,19,76.79,3
9505,32,62087,15,99.85,5
9506,36,129561,13,38.36,12
9507,36,270925,19,51.57,11
9508,43,73134,12,33.69,15
9509,38,2782656,13,59.17,9
9510,26,561016,5,62.49,3
9511,47,78406,16,65.26,4
9512,48,86686,17,14.28,17
9513,28,517547,14,52.28,5
9514,20,204193,4,34.16,1
9515,35,69492,19,8.95,1
9516,29,112269,2,76.25,4
9517,39,1297853,8,81.82,8
9518,28,120853,10,97.5,4
9519,34,79997,4,8.7,11
9520,26,60377,19,38.6,0
9521,32,220455,14,93.68,4
9522,40,51147,17,83.31,8
9523,37,9349104,8,67.28,7
9524,41,51698,16,27.11,19
9525,18,916255,12,41.72,0
9526,39,353819,7,49.04,17
9527,36,140562,11,70.82,11
9528,46,514346,14,67.28,19
9529,37,77209,15,59.96,10
9530,39,53668,18,23.08,15
9531,19,72223,5,13.1,1
9532,25,213954,12,60.46,1
9533,18,63992,9,56.32,0
9534,41,127463,4,4.93,8
9535,47,100892,3,44.72,15
9536,37,166073,10,6.19,12
9537,27,82780,12,88.59,2
9538,32,59167,13,6.01,10
9539,52,64127,6,69.03,8
9540,41,344299,19,63.12,7
9541,28,114126,19,20.87,5
9542,27,50729,6,16.5,1
9543,40,301567,17,4.06,4
9544,42,54541,2,98.93,2
9545,41,119252,14,76.87,1
9546,53,126559,16,88.34,25
9547,37,64121,8,62.41,9
9548,26,82673,16,97.29,3
9549,55,1485750,14,19.9,15
9550,29,111360,6,31.11,3
9551,33,113908,17,25.01,9
9552,19,1888080,2,12.29,0
9553,31,65927,9,16.56,1
9554,36,92416,2,82.49,14
9555,42,76070,1,74.1,5
9556,41,224636,4,83.85,2
9557,62,110911,17,5.71,0
9558,30,167298,7,98.59,5
9559,26,155367,6,85.55,3
9560,40,55429,2,77.5,10
9561,32,203822,8,85.67,7
9562,32,211508,11,13.03,4
9563,28,110880,20,37.88,0
9564,35,98769,13,32.06,0
9565,54,83822,6,4.39,15
9566,43,232027,1,74.91,5
9567,33,53821,10,70.67,11
9568,35,21160423,5,13.51,13
9569,32,78507,10,96.4,8
9570,18,122711,14,17.68,1
9571,34,55634,10,27.47,8
9572,50,2370088,16,83.32,25
9573,42,225793,1,79.16,8
9574,49,540153,6,46.97,20
9575,29,300726,15,55.19,7
9576,48,67818,14,26.58,0
9577,30,142701,13,94.75,7
9578,18,1874874,3,25.3,1
9579,18,106551,15,23.69,0
9580,40,53084,1,98.55,12
9581,33,121410,9,11.26,3
9582,36,50485,20,68.64,6
9583,39,81672,5,13.03,16
9584,54,84157,6,77.05,10
9585,18,80968,10,41.07,1
9586,44,89522,20,31.56,11
9587,23,109097,11,27.66,1
9588,38,98960,2,2.53,5
9589,24,72714,6,91.26,1
9590,47,81536,20,82.6,10
9591,40,554600,10,51.33,14
9592,52,99232,10,82.17,12
9593,31,79245,10,50.03,2
9594,18,63029,19,85.64,1
9595,32,83455,19,12.36,0
9596,27,228537,17,12.9,2
9597,39,141833,11,90.67,7
9598,35,137813,17,32.1,7
9599,28,119615,18,29.89,6
9600,26,498965,1,79.57,3
9601,33,50152,14,29.64,2
9602,31,374466,6,9.51,0
9603,40,190380,19,9.11,1
9604,36,76034,10,18.21,10
9605,42,851122,17,24.46,12
9606,31,156967,19,69.92,2
9607,26,167610,1,12.26,1
9608,32,1619436,17,35.4,5
9609,19,383826,8,0.12,0
9610,43,77931,14,76.77,21
9611,43,50631,19,37.95,18
9612,32,102578,1,41.91,1
9613,26,305872,2,80.79,1
9614,38,56353,11,13.82,7
9615,41,224253,16,44.2,18
9616,18,60956,9,18.73,0
9617,40,387006,19,75.19,6
9618,26,98450,14,70.19,3
9619,42,84111,14,49.74,8
9620,35,53480,16,78.75,11
9621,23,56910,10,16.74,1
9622,37,50099,19,53.62,5
9623,31,124748,19,86.61,0
9624,30,87255,17,31.97,6
9625,37,298272,19,40.77,1
9626,29,95409,6,27.21,5
9627,46,50218,15,66.63,24
9628,52,72435,5,81.09,19
9629,53,62066,10,74.11,4
9630,42,145241,9,82.77,14
9631,18,154740,17,81.03,1
9632,23,89711,11,79.34,1
9633,18,97732,8,83.76,0
9634,29,100206,17,44.15,0
9635,21,93956,17,59.11,1
9636,18,388771,20,1.71,1
9637,41,57108,12,93.9,15
9638,35,126573,13,85.44,13
9639,22,95939,7,48.4,1
9640,18,69203,14,2.79,1
9641,38,87153,17,63.13,5
9642,27,157729,18,37.14,0
9643,36,540973,16,7.46,1
9644,28,58112,1,66.06,0
9645,56,194996,1,80.21,4
9646,29,117574,15,21.35,2
9647,30,64856,12,78.08,5
9648,40,59046,3,97.81,15
9649,36,59422,15,36.07,6
9650,29,60276,16,64.83,1
9651,35,443173,18,83.09,7
9652,18,62955,4,46.65,0
9653,23,52188,16,29.43,1
9654,41,58910,9,7.18,14
9655,35,72299,3,26.9,13
9656,26,255061,6,52.65,1
9657,51,164790,9,9.34,13
9658,54,404791,15,17.19,30
9659,41,163713,16,4.56,13
9660,39,13559249,6,90.24,7
9661,45,60152,3,19.72,5
9662,35,90378,10,62.72,0
9663,32,53408,16,11.98,10
9664,35,228165,11,53.79,7
9665,25,68648,4,58.48,0
9666,39,134145,20,19.16,2
9667,33,57699,18,62.56,1
9668,39,5844580,8,87.86,6
9669,32,93363,19,32.41,3
9670,41,52423,16,48.65,0
9671,38,173980,18,32.29,6
9672,32,67052,2,73.58,4
9673,33,51946,20,53.46,4
9674,26,607513,8,0.15,1
9675,47,135327,8,96.33,6
9676,22,117729,20,38.19,0
9677,38,747885,17,1.44,5
9678,23,65033,2,49.43,1
9679,35,142309,16,61.82,13
9680,30,52744,14,36.51,4
9681,23,77088,20,33.08,1
9682,47,52515,7,34.63,7
9683,39,594526,6,25.1,17
9684,40,255982,7,38.71,11
9685,46,72891,4,33.1,4
9686,33,106944,18,21.39,11
9687,39,743927,8,92.29,2
9688,34,459572,9,26.46,10
9689,35,178230,16,91.89,10
9690,39,170692,8,68.38,17
9691,33,88596,1,77.56,11
9692,24,132038,13,35.57,2
9693,37,51965,20,2.75,11
9694,25,72407,1,10.46,1
9695,24,92923,7,57.02,0
9696,46,52776,5,81.58,2
9697,62,58275,2,27.14,3
9698,29,210939,1,42.5,4
9699,32,82456,11,75.2,1
9700,48,68391,16,60.01,18
9701,30,115802,10,31.31,6
9702,37,84485,2,6.99,3
9703,39,98430,20,63.0,5
9704,47,64722,19,34.68,25
9705,40,359281,4,90.58,10
9706,42,110521,11,36.88,0
9707,35,1165140,3,22.24,1
9708,41,52398,12,70.19,5
9709,34,74290,16,28.26,5
9710,35,62960,18,78.93,1
9711,44,55402,2,75.88,16
9712,35,67855,2,94.52,6
9713,35,566178,8,82.31,6
9714,32,444573,7,80.9,8
9715,26,128498,20,91.88,3
9716,26,273166,3,48.45,4
9717,31,77750,12,44.23,3
9718,22,603035,17,22.41,1
9719,28,63166,10,67.25,6
9720,31,84916,13,68.07,2
9721,27,119254,7,30.32,1
9722,38,105988,7,77.57,4
9723,27,112603,7,54.34,1
9724,37,65648,17,60.25,2
9725,27,315874,14,21.73,2
9726,48,140615,15,64.74,26
9727,27,50033,3,7.39,3
9728,40,252177,5,83.32,9
9729,36,78921,6,21.7,0
9730,22,69721,3,28.78,1
9731,18,58672,12,23.68,1
9732,35,70209,17,47.66,5
9733,53,68187,7,93.23,29
9734,36,4379756,1,38.17,12
9735,52,254678,2,84.73,1
9736,39,58208,4,0.97,4
9737,41,51865,3,69.43,14
9738,36,70512,20,46.87,4
9739,44,117747,2,87.19,22
9740,39,122081,5,85.15,12
9741,18,65732,15,83.17,1
9742,59,922265,13,39.88,9
9743,31,61363,11,47.25,8
9744,44,111445,5,99.89,2
9745,40,86937,8,22.47,3
9746,30,108365,19,61.57,5
9747,33,76567,8,9.21,6
9748,40,426482,20,11.25,15
9749,42,118780,12,93.07,7
9750,27,132787,19,14.53,1
9751,18,176661,12,98.95,0
9752,26,73410,6,55.64,2
9753,47,155624,5,99.6,23
9754,38,63666,9,8.2,9
9755,37,140373,8,93.3,0
9756,30,285487,2,66.47,1
9757,45,55489,12,49.64,19
9758,27,60332,20,1.76,5
9759,25,289996,7,6.8,1
9760,49,460696,19,73.44,3
9761,28,705435,12,80.58,4
9762,56,564653,11,72.3,31
9763,21,149974,15,80.74,0
9764,45,52773,4,98.81,11
9765,27,86857,2,50.21,1
9766,38,91336,8,98.27,13
9767,32,82520,15,73.39,0
9768,21,133708,5,92.47,0
9769,18,62187,1,61.42,1
9770,24,106918,6,89.58,1
9771,33,95587,18,45.42,5
9772,25,231383,15,53.56,3
9773,46,926458,8,39.6,17
9774,40,64200,4,8.39,2
9775,37,131289,13,4.2,3
9776,37,54301,14,58.5,15
9777,30,192765,15,99.32,0
9778,35,73848,8,6.42,13
9779,36,51502,14,48.33,13
9780,37,188120,5,64.22,4
9781,42,375030,10,57.93,1
9782,31,501914,11,14.97,1
9783,42,483150,4,3.56,1
9784,25,83405,6,74.87,1
9785,20,74330,15,63.42,0
9786,31,83106,18,40.37,5
9787,21,784905,6,13.71,1
9788,57,96977,12,99.67,1
9789,39,972887,10,66.09,16
9790,40,81418,8,46.5,17
9791,34,408286,8,87.21,3
9792,45,83071,6,27.03,13
9793,35,55144,9,35.51,11
9794,32,74956,16,74.21,5
9795,45,71413,4,50.27,18
9796,39,1531619,10,3.88,17
9797,24,168763,17,39.49,0
9798,45,1173004,14,28.55,16
9799,40,58611,18,65.01,18
9800,44,54091,16,44.68,12
9801,29,90967,2,47.78,7
9802,42,728243,19,40.73,2
9803,28,82776,14,37.97,1
9804,32,158813,16,40.54,3
9805,38,65001,12,12.16,14
9806,40,173720,10,58.88,18
9807,30,50804,14,8.11,3
9808,47,58152,3,89.58,2
9809,37,84992,6,39.15,12
9810,32,55864,9,35.23,0
9811,47,59196,2,46.83,4
9812,28,386553,4,61.11,1
9813,38,130121,8,83.76,1
9814,33,57661,10,72.44,9
9815,18,385253,10,64.04,0
9816,41,51867,6,7.45,18
9817,31,126894,14,97.55,8
9818,40,105107,14,50.38,9
9819,39,55353,16,60.55,16
9820,45,59086,14,71.46,11
9821,46,417504,19,29.47,20
9822,38,73443,3,81.49,1
9823,36,97858,7,26.42,7
9824,37,67940,4,68.04,8
9825,44,105917,7,86.75,0
9826,50,112599,9,0.65,18
9827,26,84066,16,20.21,0
9828,35,91868,18,52.34,5
9829,43,121929,5,95.45,9
9830,42,90254,16,61.57,5
9831,33,364740,4,60.38,9
9832,49,126208,8,54.71,2
9833,32,247391,20,51.31,0
9834,39,57435,17,30.52,5
9835,46,267329,9,76.92,11
9836,45,94495,7,39.05,5
9837,35,84208,16,75.5,13
9838,19,197484,13,73.22,0
9839,35,122514,19,16.05,10
9840,28,126988,7,1.86,1
9841,42,611837,7,66.23,10
9842,39,259005,11,51.73,10
9843,36,207157,9,52.29,10
9844,20,317704,11,36.12,0
9845,41,97733,18,51.28,19
9846,36,148192,16,30.96,13
9847,43,87790,17,88.36,13
9848,47,383811,13,66.71,10
9849,34,72065,14,3.37,5
9850,20,1082339,2,30.3,1
9851,36,100325,18,40.89,13
9852,49,260418,20,17.51,4
9853,32,59168,13,93.12,10
9854,38,86957,4,68.46,3
9855,20,6514877,10,8.17,0
9856,31,683623,13,26.83,8
9857,30,337449,9,99.82,6
9858,39,2154496,14,63.58,7
9859,26,397470,10,43.64,4
9860,29,72108,13,79.72,0
9861,27,64005,17,43.47,5
9862,28,60012,5,62.47,0
9863,23,83516,11,77.51,0
9864,24,74308,20,3.34,2
9865,30,64381,19,57.26,0
9866,25,56030,18,66.39,1
9867,40,116500,7,55.38,2
9868,35,65203,18,17.17,0
9869,36,134248,6,59.79,2
9870,42,56397,4,7.44,15
9871,26,104443,4,84.33,4
9872,18,82736,17,82.33,0
9873,45,77014,5,40.26,0
9874,32,235500,13,15.19,0
9875,46,163698,12,25.5,3
9876,29,51678,11,52.6,3
9877,38,81317,19,81.43,10
9878,42,50765,4,34.48,1
9879,30,127426,10,4.82,1
9880,39,86185,14,66.48,11
9881,18,130358,8,55.29,0
9882,46,1047648,8,10.77,4
9883,41,73100,2,98.79,0
9884,33,473886,13,98.29,2
9885,35,60008,13,93.98,8
9886,35,59996,12,19.74,5
9887,31,1085002,18,49.64,5
9888,30,61266,14,8.37,5
9889,31,64118,17,1.33,7
9890,42,83909,17,94.12,7
9891,41,206413,14,85.36,3
9892,18,161694,4,8.28,0
9893,36,66075,2,93.16,5
9894,38,256951,4,56.9,13
9895,33,491092,11,14.99,0
9896,44,55398,20,99.19,16
9897,41,294803,9,27.75,12
9898,40,58530,2,92.44,7
9899,30,94109,7,48.74,2
9900,43,193546,4,66.91,21
9901,28,99723,3,76.85,1
9902,33,131149,11,18.86,2
9903,44,79837,11,20.57,6
9904,34,537767,19,83.09,9
9905,32,394642,14,0.15,3
9906,34,438164,8,84.04,6
9907,35,54030,13,98.41,0
9908,43,176552,20,82.5,3
9909,39,61712,18,89.67,12
9910,46,144676,6,14.08,21
9911,40,55264,11,86.34,11
9912,35,114929,9,88.62,2
9913,45,157281,6,7.1,5
9914,34,113625,6,3.68,5
9915,36,84178,19,57.2,12
9916,29,135377,11,1.35,6
9917,47,56329,8,17.05,5
9918,34,66990,15,24.03,3
9919,34,108818,6,14.2,11
9920,32,54843,3,62.01,4
9921,46,64050,13,10.95,13
9922,43,58181,7,24.84,13
9923,31,73551,4,36.58,3
9924,39,53263,18,98.04,4
9925,53,59513,7,11.92,3
9926,33,93504,11,77.63,8
9927,32,56384,8,65.22,5
9928,32,54449,3,2.25,5
9929,30,137093,9,39.07,0
9930,37,76875,13,6.41,14
9931,43,74848,2,36.33,4
9932,28,100059,5,94.96,3
9933,40,128086,9,59.74,11
9934,33,122160,18,92.65,6
9935,18,76373,9,86.16,1
9936,43,100724,4,7.41,8
9937,57,81555,12,55.97,7
9938,44,153027,9,85.21,10
9939,18,122972,2,4.19,1
9940,38,134175,4,63.14,15
9941,45,165530,13,95.41,9
9942,21,1558591,16,93.08,0
9943,41,65825,12,39.92,14
9944,59,174580,16,95.16,21
9945,28,402782,11,17.37,4
9946,35,119220,3,97.25,1
9947,37,76169,11,12.71,15
9948,18,247359,7,6.32,1
9949,29,55321,9,83.53,5
9950,38,57941,4,27.04,2
9951,28,85218,20,86.02,1
9952,42,50925,17,74.95,18
9953,39,50163,2,5.1,14
9954,43,134928,7,15.59,11
9955,48,166895,20,44.79,6
9956,19,78404,5,81.71,1
9957,44,97628,11,57.76,21
9958,20,72431,6,15.35,1
9959,42,107365,6,42.2,6
9960,40,411981,9,43.81,2
9961,46,55687,12,68.0,12
9962,32,67183,6,93.3,0
9963,30,181940,13,46.08,1
9964,40,55664,2,62.5,12
9965,39,88082,1,20.24,1
9966,48,57411,19,57.54,17
9967,39,127565,3,46.37,3
9968,34,148463,3,78.59,5
9969,28,1034864,5,9.52,5
9970,19,596681,1,10.97,0
9971,37,56817,9,84.22,10
9972,48,56618,17,10.43,21
9973,41,74256,18,76.93,17
9974,40,1097239,17,46.76,18
9975,18,63696,5,33.78,1
9976,34,53519,14,62.59,2
9977,47,141700,5,90.85,9
9978,38,62674,12,1.84,5
9979,30,596496,1,24.79,0
9980,18,193314,7,99.03,1
9981,40,446411,3,55.91,11
9982,39,187466,15,54.51,7
9983,34,78677,1,54.16,9
9984,33,53488,13,60.99,4
9985,36,156894,14,26.92,9
9986,19,66421,18,75.4,0
9987,32,94005,2,7.99,10
9988,32,63089,16,97.78,8
9989,41,78499,8,30.35,3
9990,29,211975,7,54.63,3
9991,27,398334,14,10.65,5
9992,33,66052,13,60.9,10
9993,25,59003,10,26.29,1
9994,37,119043,14,88.38,1
9995,28,160669,7,15.63,5
9996,25,92171,6,73.54,1
9997,41,165256,2,36.99,8
9998,35,62687,5,32.46,12
9999,29,62953,19,74.91,4
